# vtk DataFile Version 2.0
iter18_best_individual, Created by Gmsh 4.14.0 
ASCII
DATASET UNSTRUCTURED_GRID
POINTS 2567 double
0.08057499999999999 0 0
0.08019999999999999 0 0
0.07409513850740519 0.0306912112756802 0
0.045 0 0
0.0415745789630079 0.01722075445642904 0
0.03 0 0
0.0277163859753386 0.01148050297095269 0
0.07878024919688072 0.005625105000000002 0
0.07414433198186912 0.005625104999999998 0
0.07338672704059121 0.006120002630676753 0
0.07287064651812648 0.005329970248864942 0
0.05482190816802161 0.01712012281981392 0
0.05533798869048634 0.01791015520162573 0
0.05175685506502999 0.02024949388569728 0
0.05712096256031932 0.02247137996027329 0
0.07852310706887608 0.008490649329319474 0
0.05795966776182933 0.0219235044192777 0
0.0760084061119342 0.01013335184832873 0
0.07921535761887608 0.008490649329319474 0
0.07947249974688073 0.005625105000000005 0
0.08019921930135401 0.0003538692602129886 0
0.08019687722061536 0.0007077316310181989 0
0.08019297380338151 0.001061580223141997 0
0.08018750912564727 0.001415408147578907 0
0.08018048329380338 0.001769208515725934 0
0.08017189644463425 0.002122974439516535 0
0.08016174874531552 0.002476699031554794 0
0.08015004039341064 0.002830375405249365 0
0.08013677161686712 0.003183996674947765 0
0.08012194267401203 0.003537555956070282 0
0.08010555385354701 0.003891046365244047 0
0.08008760547454262 0.004244461020437081 0
0.08006809788643217 0.004597793041092134 0
0.08004703146900487 0.004951035548260863 0
0.08002440663239847 0.005304181664737605 0
0.08000022381709125 0.005657224515193343 0
0.07997448349389348 0.00601015722630942 0
0.07994718616393819 0.006362972926911566 0
0.07991833235867149 0.006715664748103527 0
0.07988792263984218 0.007068225823400834 0
0.07985595759949081 0.007420649288864515 0
0.07982243785993817 0.007772928283234593 0
0.07978736407377318 0.008125055948063875 0
0.07975073692384016 0.008477025427851333 0
0.07971255712322554 0.008828829870175615 0
0.07967282541524399 0.00918046242582848 0
0.079631542573424 0.009531916248948015 0
0.07958870940149269 0.009883184497152109 0
0.07954432673336027 0.01023426033167154 0
0.07949839543310376 0.0105851369174832 0
0.07945091639495021 0.01093580742344297 0
0.07940189054325923 0.011286265022419 0
0.07935131883250504 0.01163650289142443 0
0.07929920224725787 0.01198651421175032 0
0.07924554180216477 0.01233629216909824 0
0.07919033854192993 0.01268582995371317 0
0.07913359354129423 0.01303512076051593 0
0.07907530790501444 0.01338415778923571 0
0.07901548276784159 0.01373293424454246 0
0.07895411929449898 0.01408144333617911 0
0.07889121867965943 0.01442967827909392 0
0.07882678214792206 0.01477763229357245 0
0.07876081095378845 0.01512529860536967 0
0.07869330638163818 0.01547267044584164 0
0.07862426974570391 0.01581974105207753 0
0.07855370239004568 0.01616650366703115 0
0.07848160568852477 0.01651295153965256 0
0.07840798104477709 0.01685907792501938 0
0.07833282989218564 0.01720487608446828 0
0.07825615369385272 0.01755033928572607 0
0.07817795394257149 0.01789546080304084 0
0.07809823216079678 0.01824023391731273 0
0.07801698990061559 0.01858465191622498 0
0.07793422874371672 0.01892870809437447 0
0.0778499503013601 0.01927239575340231 0
0.07776415621434543 0.01961570820212416 0
0.07767684815298008 0.01995863875666063 0
0.07758802781704673 0.02030118074056736 0
0.07749769693577022 0.020643327484965 0
0.07740585726778389 0.02098507232866895 0
0.07731251060109534 0.02132640861831921 0
0.0772176587530516 0.02166732970850982 0
0.07712130357030376 0.0220078289619183 0
0.07702344692877108 0.02234789974943468 0
0.07692409073360434 0.02268753545029085 0
0.07682323691914887 0.02302672945218925 0
0.0767208874489068 0.02336547515143171 0
0.07661704431549894 0.02370376595304787 0
0.07651170954062583 0.02404159527092378 0
0.07640488517502857 0.02437895652792999 0
0.07629657329844867 0.02471584315604966 0
0.07618677601958786 0.02505224859650631 0
0.07607549547606669 0.02538816629989168 0
0.07596273383438318 0.02572358972629317 0
0.07584849328987052 0.02605851234542114 0
0.07573277606665435 0.02639292763673602 0
0.07561558441760949 0.02672682908957535 0
0.07549692062431602 0.02706021020328048 0
0.07537678699701489 0.02739306448732317 0
0.07525518587456299 0.0277253854614318 0
0.07513211962438753 0.02805716665571776 0
0.07500759064244 0.02838840161080129 0
0.07488160135314952 0.02871908387793724 0
0.07475415420937563 0.02904920701914056 0
0.07462525169236056 0.02937876460731181 0
0.07449489631168085 0.02970775022636212 0
0.07436309060519856 0.03003615747133824 0
0.07422983713901192 0.03036397994854704 0
0.04499587428088352 0.0006093420213024848 0
0.04498349788004777 0.001218572310426052 0
0.04496287306689515 0.001827579155679578 0
0.04493400362330058 0.002436250886343774 0
0.04489689484291805 0.003044475893147798 0
0.04485155353021002 0.003652142648734398 0
0.04479798799919962 0.004259139728110243 0
0.04473620807194618 0.004865355829077375 0
0.04466622507674425 0.005470679792642175 0
0.04458805184604631 0.006075000623398036 0
0.0445017027141098 0.006678207509878159 0
0.04440719351436868 0.0072801898448744 0
0.04430454157653016 0.007880837245718881 0
0.04419376572339702 0.008480039574524315 0
0.04407488626741612 0.009077686958379478 0
0.04394792500695389 0.009673669809496081 0
0.04381290522229919 0.01026787884530337 0
0.04366985167139451 0.01086020510848676 0
0.0435187905852963 0.01145053998696681 0
0.04335974966336503 0.01203877523381495 0
0.04319275806818612 0.01262480298710212 0
0.04301784642022252 0.01320851578967706 0
0.0428350467922 0.01378980660887005 0
0.04264439270322611 0.0143685688561191 0
0.04244591911264393 0.01494469640651454 0
0.04223966241362177 0.01551808361825868 0
0.0420256604264799 0.01608862535203681 0
0.04180395239175561 0.01665621699029616 0
0.02985554180016591 0.002940514209886804 0
0.02942355841209691 0.005852709660483837 0
0.02870821007196626 0.008708540317633877 0
0.03375000000000001 0 0
0.03750000000000003 0 0
0.04125000000000001 0 0
0.03811003071609056 0.01578569158505995 0
0.03464548246917323 0.01435062871369086 0
0.03118093422225592 0.01291556584232178 0
0.07833023103589962 0.005625105000000002 0
0.07788009267253566 0.005625105000000001 0
0.0774261233500048 0.005625105000000001 0
0.07695983858465374 0.005625105 0
0.07645861552975892 0.005625105 0
0.07585124018592178 0.005625104999999999 0
0.07503774111152432 0.005625104999999999 0
0.05462176196539507 0.01837802293844004 0
0.0539055352403038 0.01884589067525435 0
0.05318930851521253 0.01931375841206866 0
0.05247308179012126 0.01978162614888297 0
0.05265087298091155 0.02061980823145994 0
0.0535448908967931 0.02099012257722261 0
0.05443890881267466 0.02136043692298528 0
0.05533292672855621 0.02173075126874795 0
0.05622694464443776 0.02210106561451062 0
0.07886923234387608 0.008490649329319474 0
0.07925821464021018 0.008013058607766228 0
0.07930107166154429 0.007535467886212982 0
0.0793439286828784 0.007057877164659738 0
0.07938678570421251 0.006580286443106494 0
0.07942964272554662 0.006102695721553249 0
0.07912637447188073 0.005625105000000004 0
0.076463507035506 0.009836061853869909 0
0.07688914873377942 0.009558015795145132 0
0.07730236025156724 0.009288089623892085 0
0.07771015994816219 0.00902169866913523 0
0.07811663350851913 0.008756173999227351 0
0.07385399184046652 0.006835306360837453 0
0.07432125664034184 0.007550610090998158 0
0.07478852144021715 0.008265913821158861 0
0.07525578624009246 0.008981217551319563 0
0.07568506557454723 0.00963837192994672 0
0.05743533194756073 0.0211208345757473 0
0.05691099613329213 0.0203181647322169 0
0.05638666031902353 0.01951549488868651 0
0.05586232450475494 0.01871282504515612 0
0.05564230536575365 0.01658420679386169 0
0.05646270256348569 0.01604829076790946 0
0.05728309976121773 0.01551237474195724 0
0.05810349695894977 0.01497645871600501 0
0.05892389415668181 0.01444054269005278 0
0.05974429135441385 0.01390462666410056 0
0.06056468855214589 0.01336871063814833 0
0.06138508574987793 0.0128327946121961 0
0.06220548294760998 0.01229687858624388 0
0.06302588014534202 0.01176096256029165 0
0.06384627734307406 0.01122504653433942 0
0.0646666745408061 0.01068913050838719 0
0.06548707173853816 0.01015321448243496 0
0.06630746893627019 0.009617298456482735 0
0.06712786613400223 0.009081382430530506 0
0.06794826333173427 0.008545466404578279 0
0.06876866052946631 0.008009550378626057 0
0.06958905772719834 0.007473634352673833 0
0.07040945492493038 0.006937718326721612 0
0.07122985212266242 0.006401802300769388 0
0.07205024932039444 0.005865886274817165 0
0.07545535681524475 0.01049462560944936 0
0.07470874191059368 0.01098234411180825 0
0.07387128820315546 0.01152940212718173 0
0.07303383449571724 0.0120764601425552 0
0.07219638078827902 0.01262351815792867 0
0.07135892708084079 0.01317057617330215 0
0.07052147337340259 0.01371763418867562 0
0.06968401966596437 0.01426469220404909 0
0.06884656595852615 0.01481175021942256 0
0.06800911225108792 0.01535880823479604 0
0.0671716585436497 0.01590586625016951 0
0.06633420483621148 0.01645292426554299 0
0.06549675112877326 0.01699998228091646 0
0.06465929742133504 0.01754704029628993 0
0.06382184371389682 0.01809409831166341 0
0.0629843900064586 0.01864115632703688 0
0.06214693629902038 0.01918821434241035 0
0.06130948259158218 0.01973527235778382 0
0.06047202888414396 0.02028233037315729 0
0.05963457517670576 0.02082938838853076 0
0.05879712146926754 0.02137644640390423 0
0.07979186166812224 0 0
0.07930113011171537 0 0
0.07880849965215507 0 0
0.07831586919259477 0 0
0.07782164622320599 0 0
0.07731754971407645 0 0
0.07678287100088958 0 0
0.07614551730219106 0 0
0.07526800554752186 0 0
0.0740423669049337 0 0
0.0723333904545721 0 0
0.07038100542210267 0 0
0.06842862038963324 0 0
0.06647623535716381 0 0
0.06452385032469438 0 0
0.06257146529222495 0 0
0.06061908025975551 0 0
0.05866669522728607 0 0
0.05671431019481663 0 0
0.05476192516234718 0 0
0.05280954012987774 0 0
0.0508571550974083 0 0
0.04890477006493885 0 0
0.04695238503246943 0 0
0.07371806785615004 0.03053502349795746 0
0.07326469101522833 0.03034722866158181 0
0.07280955981654892 0.03015870714642968 0
0.07235442861786953 0.02997018563127756 0
0.07189782613195429 0.02978105468899819 0
0.07143210168475912 0.02958814530664124 0
0.07093812296517631 0.02938353262146634 0
0.07034928492797837 0.02913962792041781 0
0.06953856977830143 0.02880381871020028 0
0.06840622732215933 0.02833478710761536 0
0.06682733895812647 0.02768079013375988 0
0.06502357038704658 0.02693364472823625 0
0.06321980181596668 0.02618649932271262 0
0.06141603324488679 0.02543935391718899 0
0.0596122646738069 0.02469220851166536 0
0.05780849610272701 0.02394506310614173 0
0.05600472753164711 0.0231979177006181 0
0.0542009589605672 0.02245077229509446 0
0.0523971903894873 0.02170362688957083 0
0.0505934218184074 0.0209564814840472 0
0.04878965324732749 0.02020933607852356 0
0.04698588467624758 0.01946219067299993 0
0.04518211610516767 0.01871504526747629 0
0.04337834753408779 0.01796789986195266 0
0.07620293670334684 0.02357546073001181 0
0.04507254273726868 0.007683808642195956 0
0.07683234066767049 0.02151619920022015 0
0.04417362506988889 0.01203764313906097 0
0.07758587198299934 0.01881057327774892 0
0.06792325751740999 0.01680011425089016 0
0.07791930549346233 0.01709731168204928 0
0.07743427068537616 0.005113290049487328 0
0.05736226612115532 0.01362873943547597 0
0.07080948591786601 0.02867329771255668 0
0.07573639925199867 0.02524706853662807 0
0.07781182173561541 0.000515264385259312 0
0.0711179619331128 0.01475370328788993 0
0.07836752681285494 0.01500514532161417 0
0.07874123476745966 0.01292139471031432 0
0.06092325536632961 0.01220707761962177 0
0.07509765300551603 0.02688538160030781 0
0.07604766830100244 0.0007160351943946985 0
0.07896884134591792 0.01190027101527978 0
0.05474184429259985 0.001972132269204046 0
0.04545032639594127 0.004820997962173119 0
0.0638445809924518 0.009887542005619874 0
0.07222853988911447 0.02949408343162239 0
0.07505345298551015 0.01176602385164411 0
0.06795891083529937 0.02672335898479061 0
0.06456861698875314 0.01923684910733764 0
0.07627309208475912 0.01054430372408811 0
0.07580062676358146 0.005029946657595124 0
0.07975891688371464 0.00316179738265894 0
0.07981873689629262 0.001731790577955297 0
0.07903411331374194 0.01088758302745243 0
0.07464306005685958 0.02823089331224563 0
0.0672136160517582 0.007631030649836889 0
0.07412014706110887 0.02953355961896854 0
0.07718678538423149 0.00994377388045423 0
0.06244331493807016 0.002095430977444513 0
0.04851004253230366 0.01775811122960889 0
0.04385827165545762 0.01341953025647716 0
0.07917728724454924 0.01015342839606091 0
0.07876040604085073 0.005164616873552253 0
0.07077503278990657 0.005481220448044941 0
0.0738181215059803 0.001293776936085992 0
0.06297500671182182 0.02414166784562907 0
0.07803170634315815 0.009327760974069595 0
0.04569215522621179 0.003200686618020636 0
0.07932636324821821 0.0004512664668899265 0
0.06060252017453277 0.02152515922335141 0
0.06195434657138224 0.02096820044596624 0
0.07714506248800214 0.02053596321077087 0
0.07969336667844225 0.004590432125205639 0
0.07323459156706705 0.02988839265263214 0
0.07052288465557315 0.001919774590482964 0
0.05254496973595661 0.01820510952883805 0
0.07367730509596289 0.004678921551250404 0
0.05515294646953256 0.01566212138371238 0
0.05089377612868371 0.001924849659073177 0
0.07896070820449072 0.008973466995858125 0
0.04469233725153322 0.01684928138686381 0
0.04357256089685126 0.01530138132047218 0
0.0755107574229002 0.02590864524551035 0
0.07660680942034367 0.02222406798691669 0
0.07940334846373009 0.005255947272354247 0
0.07984772567590395 0.001085817883410745 0
0.07983507860443353 0.0007415886600541498 0
0.07931181216936067 0.00942672584465155 0
0.07934099147338183 0.008817042137190015 0
0.07446219670954203 0.01226705087257054 0
0.07728823654439521 0.0005563550923269982 0
0.0586022974522211 0.001973266569516378 0
0.06856152237040974 0.001992835595159574 0
0.06667410147674901 0.002049078570074123 0
0.07882890650499254 0.0004873625158563141 0
0.07695072290772313 0.005072477681347607 0
0.05352423700371808 0.0178745040198183 0
0.07380475537943842 0.03018789121539535 0
0.05029674768156013 0.01933378694271046 0
0.04571520845833008 0.001578955767850845 0
0.04273165156918855 0.01651267206051755 0
0.07368350603419783 0.01307692994977117 0
0.07833423051283731 0.005147887123635385 0
0.07861975886364381 0.01365261745804 0
0.07972275361378174 0.002446927095012201 0
0.07969169063484205 0.00383602282417261 0
0.0773718544338516 0.01945746278097616 0
0.07490967901360607 0.02758931025658352 0
0.07801310812816398 0.01672742760307215 0
0.07820296014591162 0.01607349991545871 0
0.07644950057235908 0.02293181745340779 0
0.07844191786295378 0.01464718215293869 0
0.07523707232206076 0.02653157735711911 0
0.07426899999294972 0.0291836691027932 0
0.0760359267656578 0.02429125856856197 0
0.07455562140387251 0.02857099955144447 0
0.07693690631302796 0.02116579560460942 0
0.07822926717572845 0.01573144706094447 0
0.07763515410524488 0.01846625751277536 0
0.07782116770723149 0.01781014894566708 0
0.07880842738719254 0.01255966695797365 0
0.07860297915756825 0.01399659461498267 0
0.07904365185410327 0.01124733108922362 0
0.07585575366248849 0.02491980258046617 0
0.07726552417726101 0.01982562943223906 0
0.04900862535341508 0.001846408562956911 0
0.04499605991595045 0.009111730531763106 0
0.04529260175102844 0.006348623444289469 0
0.05350663200529803 0.02155449658295068 0
0.05529933571756997 0.02229866639157986 0
0.06920699572927806 0.02751306147951756 0
0.07132942590224674 0.02901433102819814 0
0.07978411328408261 0.0003964494287516437 0
0.05933289929268596 0.02280145907475825 0
0.07179044631224918 0.02926785673658374 0
0.07014446818357786 0.02816800185886147 0
0.04687810635501263 0.01789319331424995 0
0.06116138317161245 0.02314113731365264 0
0.06472580998323069 0.02450672623687489 0
0.07259674851321264 0.02972749956964012 0
0.07844856238762418 0.009009767689779385 0
0.07974652287231043 0.005303820682879572 0
0.07969263394804563 0.005947402027885232 0
0.07015787484727988 0.01533591298463849 0
0.06692777994869709 0.01747247403974304 0
0.06577600314887372 0.01822905893287367 0
0.06902339935548317 0.01602722852051401 0
0.07214278809373538 0.01421124768652488 0
0.06318649844152803 0.01997923155700985 0
0.06645064497327459 0.02579580292053736 0
0.06324322129418045 0.01066811369950581 0
0.06623982326378121 0.008304134579867119 0
0.06513131360629497 0.009070971370160072 0
0.05955201969721714 0.01222791520276796 0
0.05884623522377121 0.01350350820051293 0
0.06187093540332318 0.01096850518701778 0
0.05622813966044787 0.01497548592300479 0
0.0695705230893785 0.005877232636363336 0
0.06835038775460062 0.006845022351378416 0
0.07745823312653506 0.004608325623073393 0
0.07652755284919073 0.02102076752532393 0
0.0778086789661107 0.001017831344501903 0
0.0713628545678219 0.02831904049182505 0
0.07721114653465802 0.01834307141819985 0
0.05535536285914963 0.0133628968890408 0
0.07816588459533119 0.01406211203259296 0
0.07839957542380041 0.01245511427560785 0
0.07482601114754413 0.0263245359878209 0
0.0741124531914874 0.0285644381682062 0
0.07775720509255597 0.01612917268662805 0
0.06997005663380984 0.01743968414419596 0
0.04667645384764976 0.008063132611452931 0
0.06925744070575732 0.02583228467220922 0
0.04828586479931785 0.01589839546105732 0
0.07136779276073052 0.01632341171155171 0
0.05978866389117585 0.01023682316493211 0
0.07558631590059775 0.0134173911855084 0
0.0725163548053112 0.02919734096946128 0
0.07861814759337588 0.01139877095352121 0
0.0663950477828936 0.02381694066465759 0
0.06570551794922831 0.006839436434550351 0
0.0769474631985215 0.01929295422434989 0
0.04900722816556737 0.003780186701595788 0
0.07878057386232573 0.004690315387269573 0
0.07587453229925958 0.01089791428183356 0
0.04559810161566658 0.01198091661520683 0
0.06406024281680954 0.02129921389624414 0
0.06683704631770501 0.01962008123692172 0
0.07277100996049742 0.003433111212669402 0
0.06852322017360375 0.00417497739869763 0
0.07287740174151168 0.0157334545599083 0
0.0785222658855097 0.00957723754553408 0
0.05336841143352716 0.01627889879268264 0
0.07670344804429051 0.0006418021044448177 0
0.07941414208698144 0.0009540164895284475 0
0.07831995796242924 0.0005018074738524711 0
0.0528136358450171 0.001964889098730853 0
0.05667090900055024 0.00196620265431176 0
0.0605312860718259 0.002007949162517836 0
0.06459065743030745 0.002517887083307919 0
0.07392891817441664 0.02897613415081736 0
0.07362461262788274 0.02980991092588932 0
0.07681239422878763 0.01032974807037943 0
0.07640776499498246 0.00502669638412989 0
0.07789047892866685 0.005132801993537081 0
0.07758691435841997 0.01659032277115355 0
0.07802724915739259 0.01452626350067098 0
0.07510503940546143 0.001139292568002164 0
0.07769102502150155 0.009719523150327682 0
0.06418586205311667 0.007762586237535226 0
0.05040508340249312 0.01754719554985154 0
0.07237298077017142 0.001658443387423957 0
0.07173948363597044 0.02868732811701932 0
0.06459060530063258 0.02272156886006313 0
0.04684618373687682 0.005689617243421934 0
0.0451822551547244 0.01040932987133321 0
0.07035455307195548 0.0267614762796173 0
0.04720874367638345 0.001735269628578288 0
0.07583959386989084 0.01277820652650624 0
0.07482954175473898 0.004105197046945825 0
0.0791459595639728 0.005206465547088522 0
0.07300981293511929 0.02945326740743404 0
0.04627800532807286 0.01603155936290743 0
0.04520066849197432 0.01491380502174812 0
0.07214184602463258 0.0289529518863008 0
0.0628091244038155 0.02257547289493616 0
0.07895977605049556 0.00941385399420341 0
0.05748929058806999 0.01166079203889068 0
0.07750102888627948 0.01914396772365682 0
0.07935080258308255 0.00914077882009197 0
0.07479504200691786 0.02791768243521343 0
0.07867991629744553 0.01328483002334688 0
0.07539572381674886 0.0262325940824578 0
0.07967396656845094 0.004228631399660523 0
0.07854531242736686 0.01433166766451915 0
0.07813233467447446 0.01640845029941908 0
0.079753314053211 0.002067092474530801 0
0.07718164314896539 0.02019928498847965 0
0.07774918802545333 0.01814379047737501 0
0.07650230780385067 0.02259210924872603 0
0.07901573413622792 0.01159823145481124 0
0.07608953841992747 0.02394872675423651 0
0.07443730280120837 0.02889080504853184 0
0.07706282802549948 0.02086247515083468 0
0.07594955738965647 0.02462724540363058 0
0.07972057602568031 0.002826599118042625 0
0.07559185877767034 0.02556576495138092 0
0.07829741515424903 0.01536584700567834 0
0.07890668368471035 0.01223984694968264 0
0.07908359610153332 0.01049380608293628 0
0.07401961595284449 0.02986839061677118 0
0.07918591416581351 0.009768195758752296 0
0.07635135255693236 0.0232594739089827 0
0.07672452804711999 0.02186874656131327 0
0.07964197808614644 0.005024616886867624 0
0.07497819103474729 0.02725225174927534 0
0.07975072204866289 0.003500029547654151 0
0.07784762197384391 0.01747346080953016 0
0.07984444233567586 0.001390696450006418 0
0.05158704734745648 0.01902311781368861 0
0.06706274190481906 0.005558718410447838 0
0.0624062818489315 0.008737863574084612 0
0.06813581200164216 0.02480706933704597 0
0.07184411287428891 0.02812848264469799 0
0.07563184874663322 0.02385758795130376 0
0.05548005869004357 0.01123846504872952 0
0.07663296250261306 0.01085600687321308 0
0.07711589904780104 0.01647298978095684 0
0.07756210064140542 0.01443525548711257 0
0.05475547340347871 0.003968196609638795 0
0.07259975923105784 0.01800498112869298 0
0.07926798489607433 0.002843502636740386 0
0.07731132084243203 0.01063346518111958 0
0.07080558826803894 0.02501795263694318 0
0.05853486620915971 0.003929776518994003 0
0.0626635934513016 0.006210708507172591 0
0.0781850163100468 0.00996874311259463 0
0.07605273185072076 0.02249379818926613 0
0.07884724399986828 0.0009884668777770337 0
0.07675983668340797 0.001297933939508947 0
0.07790546387603681 0.004643894759726501 0
0.06820187292282283 0.02258225095648465 0
0.07244157855058922 0.02864540307963946 0
0.07349630029656873 0.028862853831936 0
0.06236661558107215 0.00404609242086048 0
0.07467144389367233 0.01355769861321136 0
0.06016163285621488 0.008201526375685265 0
0.07854049792893454 0.01197442039335504 0
0.04688800352895704 0.009901401822105096 0
0.06586181887537267 0.004241563372847241 0
0.07883323741572679 0.00995898681371144 0
0.07732829909246176 0.001038473188331288 0
0.04988713350909105 0.01538745287096036 0
0.07596507536746115 0.0116371870510362 0
0.06631896816534469 0.02225609770016914 0
0.0771354192921638 0.01884173331034081 0
0.07940615643978566 0.001519709019687654 0
0.07538522348879093 0.002551824888769663 0
0.07832025736619513 0.001002989485331814 0
0.04875834090381003 0.007983452406611458 0
0.07505376205263428 0.02589502146365618 0
0.07737969830984226 0.01788613771772151 0
0.07669340321343558 0.020586897980866 0
0.06540621411105468 0.02056118403546685 0
0.05089684851323267 0.003903379021247877 0
0.07539556973595565 0.02491927864490127 0
0.07085925915133846 0.003933443331891925 0
0.07701099290930598 0.004571659566477263 0
0.07104065359838607 0.02765098293032019 0
0.07422621826711369 0.02806512797711944 0
0.07444964445769449 0.02760592655950649 0
0.07780866758028415 0.01563725572858084 0
0.07820371049048053 0.01356872141189719 0
0.07858498656016072 0.01088278671907479 0
0.07925792286020744 0.004734794666087188 0
0.07522948944065616 0.01282956337780976 0
0.07363462920315206 0.02936019517164155 0
0.07755652025173153 0.01023626732799715 0
0.04722285062888102 0.003565946762857345 0
0.07576301599813746 0.02342789595198234 0
0.07618636508759859 0.02208171238896508 0
0.0743697911041156 0.002591631917848888 0
0.07834299055508304 0.00466631342462511 0
0.04746181184122839 0.01396213621174254 0
0.07293295270353015 0.02884777109148141 0
0.06830392143935128 0.01836121298604441 0
0.07207977931380828 0.02841531315840665 0
0.0578076032913618 0.00969335523977773 0
0.05416210589814926 0.01464852553572081 0
0.05190796679284938 0.01690526391973237 0
0.07550846979235851 0.01131125928722031 0
0.07625063478930899 0.001851462384959772 0
0.0455003817530443 0.01363692046741124 0
0.07837245960991113 0.01283533893459872 0
0.07682877636844716 0.01970491226491307 0
0.07799228608003282 0.01490553894720143 0
0.07646194656538356 0.02138976492505759 0
0.07466870479741125 0.0267204777473395 0
0.07748442690746954 0.01700645347754023 0
0.06691361549892252 0.003456072585764944 0
0.07215433139589525 0.004735058274479955 0
0.07457088952957307 0.01434667315537973 0
0.07609503989893628 0.003559061175074532 0
0.07574921304277754 0.004369548935836244 0
0.07925747210802037 0.003784097062080116 0
0.07217906849396645 0.027910184534759 0
0.07597197567836809 0.02143502248927391 0
0.07636360504029804 0.01959196077637592 0
0.07436954839288065 0.02613139463855305 0
0.07674540517979432 0.01819736333390665 0
0.0779126358277281 0.01293650376077297 0
0.07604261972474261 0.01310919753325293 0
0.07499498518767413 0.01573702703831686 0
0.07398457512326874 0.02742154660095054 0
0.07831149481202571 0.001499111763192416 0
0.0781252256313002 0.01134975958500935 0
0.0775032872530923 0.004153276858402543 0
0.07306245925612669 0.02830279653239919 0
0.0557230798695354 0.008970643893593207 0
0.07143198481920128 0.02613765877343217 0
0.07528431312185625 0.02327742371564836 0
0.0770448488640644 0.01108496344844224 0
0.07930215497830413 0.002005619552053559 0
0.07702033933689401 0.01693853789256576 0
0.07357558301961561 0.01696097512160674 0
0.06039123721168112 0.006083562133855231 0
0.07799885238949955 0.01044934063045093 0
0.07573990032002337 0.02191712734602248 0
0.07879532667529571 0.004212638783270262 0
0.07751924577806281 0.0149842100243636 0
0.07517346253704643 0.02539434885626402 0
0.07883993676323427 0.001493332775984386 0
0.075566120911341 0.02436574138442821 0
0.07597308389445805 0.02297723321847013 0
0.07094014527029914 0.01871835028672879 0
0.04943553082254029 0.01344189782145826 0
0.05282657312653465 0.003973711233328769 0
0.0604756320164912 0.004019458468033553 0
0.07780001998888578 0.001504501032644944 0
0.07731884605880517 0.001495698584675216 0
0.07723012598008418 0.01599413570391427 0
0.07765225810362275 0.01394450313425253 0
0.07358419722813836 0.02840890689261596 0
0.05665606901475138 0.003914578456270849 0
0.07648086147606076 0.01914632354769241 0
0.07635072201063672 0.02174365185381623 0
0.07454498104013847 0.02712897263406023 0
0.07796876769707557 0.01243512226837628 0
0.05086704981579288 0.005976866045423948 0
0.07605871743060111 0.02091964566275784 0
0.07924312335702588 0.004229271806291311 0
0.06449131644262551 0.005219924447827511 0
0.07741726134535909 0.01741920005721103 0
0.04888529900118981 0.005866779276432384 0
0.04759094851996053 0.01167541762175154 0
0.0751635153157565 0.01431581356328832 0
0.07631125259957625 0.01121902012047399 0
0.0725221895083676 0.02820434678363674 0
0.07002697154605385 0.02378203276409261 0
0.07702070990804402 0.003973204505398283 0
0.07673891633917886 0.02011793759667733 0
0.07830951147699526 0.01320259564503394 0
0.07792247509682614 0.0152721408618564 0
0.07858919033303352 0.01035740855431947 0
0.05408959191912182 0.01213405271383909 0
0.07544195575998466 0.003337282012923456 0
0.06970905834132034 0.02022529303775628 0
0.0677860046511771 0.02095922793123734 0
0.07926746384470627 0.002429161660802072 0
0.07559078706845722 0.0121240531910555 0
0.0581723240773594 0.007752152291001462 0
0.0793301886941323 0.003313165246736175 0
0.04855856548351481 0.009871704445142961 0
0.05167792942665934 0.01494972327880983 0
0.07179191205592277 0.02773278776734186 0
0.07592505277226737 0.001552182044140331 0
0.07646752476861095 0.004348580407520512 0
0.07835022937635408 0.004184063011618713 0
0.06375023663964659 0.004017397460840393 0
0.07361859297767757 0.01450031358516699 0
0.07779262806540208 0.00199060247585793 0
0.07588137747306953 0.01947922990175972 0
0.07697315244844809 0.01485272196043741 0
0.07651644819258108 0.01688148039107456 0
0.07745697929752304 0.003680679567491166 0
0.07201849659160156 0.02480261772362536 0
0.07485820396491542 0.02471791372651012 0
0.07157835094588946 0.02073967110267796 0
0.0754237629318204 0.02128902294150401 0
0.07672800998950251 0.01150794806392219 0
0.07425385371229501 0.0185346520606708 0
0.07881616706503154 0.003297824962863107 0
0.07739126253343205 0.01286992215759737 0
0.07586802606484529 0.01379101684902472 0
0.07201272633168782 0.0272478585306531 0
0.07514297449727672 0.02373791022728464 0
0.07557921884336752 0.0223662262754844 0
0.05649702208462314 0.007306837767615179 0
0.07407764089062015 0.02700085707369582 0
0.05282987271305318 0.006047103455126317 0
0.07690437632406745 0.01777996644341055 0
0.07648076403051375 0.01281788565982524 0
0.07315891894211098 0.02785091510031619 0
0.07677325264668777 0.003439567767310693 0
0.0777577112807996 0.01345958615776968 0
0.07734878664342253 0.01550710851784033 0
0.07795188872046675 0.01188977243400394 0
0.07770658017745927 0.01085613656739033 0
0.07616311328558267 0.02046978860215385 0
0.07453607706626464 0.02568280449606666 0
0.07661720787557774 0.01637181527072468 0
0.07708270807766066 0.01434098661877727 0
0.07660999416572399 0.01867801399657647 0
0.06979984541430098 0.02227146572177749 0
0.07791139867134403 0.004160830105066193 0
0.07369816713273827 0.02786139859504628 0
0.05076252744307307 0.008196935120188355 0
0.07477529675471777 0.0150191593473571 0
0.05095651058826353 0.01293328239261022 0
0.07880997568130574 0.001977200760767824 0
0.07880978320883379 0.003748789439908215 0
0.0584389501575559 0.005853759137299449 0
0.07624197284471577 0.00262825850676816 0
0.07879363433944069 0.002428373908292447 0
0.0726165879553746 0.02762800605923611 0
0.07543556688836262 0.02282218704143588 0
0.0781449732276653 0.01092584309125261 0
0.05423112190120424 0.009845398024555623 0
0.07626191443779401 0.02002846285885635 0
0.05279475173654492 0.01315237186976707 0
0.07665212456507141 0.001815316954052596 0
0.07144702542009276 0.02717022702866453 0
0.05490074346119803 0.006185672168212379 0
0.05040678943638516 0.01078770460481627 0
0.07699386455742711 0.0173602219527552 0
0.04911207411718819 0.01204706367321956 0
0.07389577615069716 0.025949239763317 0
0.07494214681439022 0.02267037387617742 0
0.07625513943326234 0.01803402102363965 0
0.07537047576423649 0.01490935152762767 0
0.07597211859811331 0.01679228277271753 0
0.07226650533685063 0.02574030753583074 0
0.07685611211671028 0.01536663074347556 0
0.07260790562957579 0.02705214454592923 0
0.0772791108281064 0.003129675634947697 0
0.07679962015315409 0.01321118139712039 0
0.07147066669332601 0.02214919756702053 0
0.07354735104207286 0.02736262359260996 0
0.0778981354029331 0.003666186484130795 0
0.07639045566402039 0.01187329339564236 0
0.07648080506255905 0.01471668594055262 0
0.07646436744759197 0.01747252598444838 0
0.07742347112969256 0.01231808850388114 0
0.07831410892714033 0.002458376665658041 0
0.07526032188456266 0.02175619619861008 0
0.07673372841338125 0.01587131767095269 0
0.07195138488652095 0.02670972617561328 0
0.07718529447051078 0.01383978530446304 0
0.07469801984900837 0.0252087677141091 0
0.05452013994378439 0.007789046763259097 0
0.07500972915647827 0.02422119661531872 0
0.07433750415186528 0.01928991404472974 0
0.05299998211671968 0.008360551696398939 0
0.07599332581320385 0.01901592339633619 0
0.07555570910385982 0.02082090125107821 0
0.07577392231351336 0.01992374953194407 0
0.07880907608464023 0.002862149368923735 0
0.07726940448909324 0.001946128500194044 0
0.07830565939148958 0.001983115670895607 0
0.07729751564829052 0.01335064386816464 0
0.07710215839680072 0.0118455899453434 0
0.07479409560928274 0.02312631800015084 0
0.05277935405740775 0.01082360786475289 0
0.07616194762171917 0.01240146052431531 0
0.07420767475304627 0.02656321114475981 0
0.07835817159816895 0.00370875972672974 0
0.07630832491375704 0.01356182579645028 0
0.07400644348548358 0.01605843679432437 0
0.0767904162851427 0.002424317369332196 0
0.05675378548323788 0.005650609759346572 0
0.07753778902816254 0.01138721363587779 0
0.07435143806094592 0.02454221874752157 0
0.07491788993495443 0.02115238285431532 0
0.07430804064629302 0.0229579765496878 0
0.07585760417960291 0.01735068559630699 0
0.07539476836959752 0.01935499822316549 0
0.07353971729001578 0.02688333997805371 0
0.07340464315109391 0.0214169449247564 0
0.07838065832599081 0.002873219246815217 0
0.07661800402315788 0.01421307434076613 0
0.07623595477194699 0.01574409985209554 0
0.0760989098196643 0.01625351000048014 0
0.07253605497075974 0.02652431371613867 0
0.07348676842385435 0.02369742176721354 0
0.0740546177459605 0.02549530353546675 0
0.07611559403494453 0.01853467530630798 0
0.0778168462257911 0.002500486144583487 0
0.07509586665295372 0.02221318010499006 0
0.0769011104589718 0.01255027631341905 0
0.07636039130770815 0.01523353644144445 0
0.07449818590208995 0.0240594135948664 0
0.07675674705653771 0.002929772225269243 0
0.07593381003330756 0.01453080700326795 0
0.07135833977548287 0.02674420161816991 0
0.07464597870139147 0.02358616856640425 0
0.07372904723869771 0.02639322358774164 0
0.07792095436299586 0.003088422946974473 0
0.07314568361139007 0.02741169672995843 0
0.07671004484510568 0.01217878806879677 0
0.07676142220345679 0.01376329001801481 0
0.0772855811554394 0.00248693956059811 0
0.07840122392747202 0.003290206068216221 0
0.07538594004507303 0.01542151742750193 0
0.0770411950188308 0.01285725444979511 0
0.07566680148007468 0.02036667317315426 0
0.07620676577927495 0.01406980278437604 0
0.07343215037731154 0.0257658322646554 0
0.07538396745975894 0.01664401067118479 0
0.07384969899170116 0.02436952687553464 0
0.07573966969972011 0.01789281884660794 0
0.07284073770874638 0.02261301196943744 0
0.0731318378709316 0.02032899673771198 0
0.07399635772111697 0.02388620773892543 0
0.07504800533685878 0.02069537394362442 0
0.07528977588613442 0.01980296928280716 0
0.07420520671423264 0.02502458970106231 0
0.07325091109595205 0.02620483801431641 0
0.07307921643877385 0.02661015323585761 0
0.07549724861272794 0.01888349091398772 0
0.07556517004507862 0.01607733908023082 0
0.07446020347528194 0.02250189492746475 0
0.07590239381313879 0.01513176027315545 0
0.07476864696619953 0.02160262713228018 0
0.07426763946187859 0.01538928860107925 0
0.0741528790612752 0.023414868155711 0
0.07201998369893327 0.02622237466046685 0
0.07575041043490892 0.0155784097784093 0
0.07559129750868027 0.01411247019926785 0
0.07079404247476409 0.02624577011310466 0
0.0730423252098469 0.02703730655158338 0
0.07371788640162334 0.0248537218001997 0
0.07526196858282425 0.01724257475320881 0
0.07440792500131113 0.02101361955390411 0
0.07383372035722049 0.02276881775390665 0
0.07300414095971818 0.02559345605064196 0
0.07491831017252351 0.01921810892791741 0
0.07471667569599197 0.01641291340528706 0
0.07358686115877723 0.0253205942000663 0
0.07277208052911989 0.02599333158032639 0
0.0756148718717764 0.01839842066327859 0
0.07461424611062126 0.02205006376064422 0
0.07517096106590766 0.02024304238088736 0
0.07366599627995292 0.02322353748264379 0
0.07523890210148712 0.01379691506610949 0
0.07333506250969049 0.02420339578829134 0
0.07322128015664978 0.02471744216488788 0
0.07276069214079774 0.02406814757990196 0
0.07496134139079585 0.01873170025443868 0
0.07522723703522533 0.01777367816634415 0
0.07465671887122732 0.02007120052753794 0
0.07456452698458314 0.01711990584652218 0
0.07398835805350154 0.02232012778250685 0
0.07261436234800572 0.02523194573136553 0
0.07482453378784922 0.01965984557475034 0
0.07338444991134156 0.02258047646582808 0
0.07428849986449941 0.02145571667027574 0
0.07315573658318746 0.02517604329527263 0
0.07451720929019562 0.02054366270362412 0
0.07320477771830522 0.02302817961211148 0
0.07406107381720539 0.01983558363029905 0
0.07349943685012215 0.02212746374154913 0
0.0727094022176055 0.0246318779944456 0
0.07357331115450354 0.01891111055288967 0
0.07511870665379221 0.01826419694748562 0
0.07387228181048361 0.02092475845027492 0
0.07414638296071055 0.02188620042004328 0
0.07294413832032189 0.02348217814775035 0
0.07382108796649199 0.017881828074588 0
0.07168080979627621 0.02554841249488366 0
0.0745990111599093 0.01785807785760592 0
0.07204983822789639 0.02403064623074228 0
0.07280041147344576 0.0218392481138308 0
0.07391778914255109 0.02040173227279769 0
0.07335922846086666 0.01954321695831163 0
0.07385846274123897 0.02134849851359353 0
0.073715906517844 0.0217376499203837 0
0.07223353022091865 0.02314745746011224 0
0.07333629150547197 0.02098110662843242 0
0.0722448002964145 0.0195939757292514 0
0.07118299774935051 0.02339696994823116 0
0.07262377756311474 0.02098806944268704 0
0.07137998404076552 0.02405775360920473 0
0.04305943786011485 0.008332709835714824 0
0.04334593634499906 0.005308972028580928 0
0.0425408107708159 0.01192293507072735 0
0.03464849407399922 0.01075344430852134 0
0.03815705978783991 0.004560019299456901 0
0.04393458004537029 0.002486229274299815 0
0.04207790581327288 0.01371537091695562 0
0.04141713889629406 0.01595781473402301 0
0.03327285517612136 0.003154217604511465 0
0.04421923917979041 0.001014628202512722 0
0.03297207442825401 0.007084437485703633 0
0.03944952376698495 0.01074181932858756 0
0.04315241016665249 0.01025095499988219 0
0.04066621586227547 0.01492879288578216 0
0.06071354870991452 0.01892969342364158 0
0.07079044512824616 0.01235492482964788 0
0.06238938966696241 0.01782901110317755 0
0.07244501243225181 0.01121487579599809 0
0.06574990969025728 0.0156658508687972 0
0.0682724729714738 0.01398135214131391 0
0.0621319814093931 0.01352571899110005 0
0.06928878084387352 0.008747142502936036 0
0.06525589950682568 0.011408109497774 0
0.0596367449747818 0.0151114926857141 0
0.06703923942549628 0.01032984357494637 0
0.05705719943352672 0.01676522905787087 0
0.0736897885060485 0.008085057750883074 0
0.05769628310672002 0.01971825881516851 0
0.07098652121489241 0.007707867428379981 0
0.05669278087212715 0.01809778137097908 0
0.07259658577030698 0.006535240846182171 0
0.05824048981773851 0.02055330337435389 0
0.07328698946029763 0.01067330077950104 0
0.0750779798952181 0.009935722063281194 0
0.06410718526992747 0.0167465995926693 0
0.06657549745256529 0.01511157039960182 0
0.05987694747327617 0.01946306913129337 0
0.06996726111877327 0.01291428097151588 0
0.06779179749685413 0.009764104445011043 0
0.06045023670008134 0.01460409633035947 0
0.06290613512463422 0.01295058200355437 0
0.06358058533984741 0.01242281105622574 0
0.05795121579172326 0.01621361141402391 0
0.07464931442789925 0.00934850799757481 0
0.05618166481015497 0.01733665064959301 0
0.06771206794308532 0.01093244982962737 0
0.07273365730814821 0.009845956944960549 0
0.06364206621375416 0.0135764663044421 0
0.06013285763188191 0.01816338811326138 0
0.06032440301063359 0.01576284364106503 0
0.07020493380833957 0.01156448479674345 0
0.06511559094110173 0.0149096492675335 0
0.07161069193576629 0.01178186553447994 0
0.06493173428623419 0.01622010430038327 0
0.06741228083696787 0.01454245826306098 0
0.06155021174768453 0.01839198242584966 0
0.06324454745330463 0.01727539148216364 0
0.06913235438339542 0.01345095331465242 0
0.06456329314327333 0.01207793634774989 0
0.06624490058007773 0.01104636532817149 0
0.06856379877538531 0.009251263861203987 0
0.05881239254541465 0.01565574602714434 0
0.0612947872729994 0.01408898347542683 0
0.0703005254905105 0.008416632902422991 0
0.074140551446867 0.008767841719693879 0
0.07418008189618944 0.01008718781025417 0
0.05719246988019763 0.01890026159237504 0
0.07301161989021639 0.007420556865265995 0
0.05905539095140087 0.02000035979787301 0
0.05758078691478784 0.01754052147287585 0
0.07188463587848998 0.007244763640853917 0
0.06547438054652008 0.01254599182385193 0
0.06259722918282783 0.0163657969425191 0
0.06433583071324574 0.01549354568143784 0
0.07177904870340142 0.01022600145356455 0
0.06289088483527037 0.01419880686022427 0
0.06998393228662669 0.009487811519089331 0
0.07122224889144797 0.009036903073145509 0
0.06093285199522383 0.01764066714660224 0
0.06866642358318861 0.0126946459564908 0
0.06723290134123622 0.0116356421217906 0
0.06677079121728015 0.01374754447536885 0
0.05953644356533509 0.01631844175291615 0
0.05932544831696637 0.01866781430418931 0
0.06939046182829117 0.01213623039954093 0
0.07099374321181631 0.01098438443623758 0
0.06593234229035708 0.01433025166647585 0
0.05803762359859124 0.01835853808982678 0
0.06836777363749709 0.01039511046180722 0
0.06426250601297664 0.01298315550371848 0
0.06101323697304518 0.01526092711059727 0
0.05865671653898326 0.01703294022738889 0
0.06595032830916872 0.01196575796319476 0
0.07285279562993704 0.008510012205902424 0
0.07346973038255601 0.009313055619369643 0
0.05852088843545357 0.0191851573576681 0
0.07180486971448688 0.008357229581154133 0
0.06519512833907753 0.01347070489306356 0
0.07090673753061938 0.009722396840446399 0
0.06763814290750499 0.01303992516092244 0
0.06363285371793959 0.01603130328540358 0
0.06173045835691218 0.0170726042840279 0
0.0667153717369932 0.01240538950547313 0
0.06868635388432461 0.01132196269458791 0
0.07177454330706104 0.009426146837687149 0
0.05959730531165282 0.01751144805035325 0
0.0610186151833341 0.01639985041625391 0
0.06364996875496877 0.01483908914120558 0
0.06912047931795873 0.009993759992926607 0
0.06205065241804201 0.01492726848787411 0
0.05885402377596875 0.01798427264591007 0
0.0703901038582556 0.01033320533479803 0
0.06439209804778308 0.01421427465120386 0
0.07225376041321503 0.009171913311181997 0
0.06963519562545763 0.01078258340508651 0
0.06617241245350244 0.01306307106633525 0
0.06802525829814811 0.01207892997580746 0
0.06025577716141698 0.01697362282598167 0
0.06298605491054149 0.01543915669463596 0
0.06168042398044678 0.01583475720168012 0
0.07652803231042916 0.006277507788682785 0
0.07721652125983158 0.006179754096060405 0
0.07728930319447384 0.008685597378689193 0
0.07870860994642521 0.006704508787077505 0
0.07554456209218367 0.007771090552675368 0
0.07508537882849131 0.006145364456676918 0
0.07600510318654129 0.008496742199633946 0
0.07871316485253427 0.007579459214726063 0
0.07642549194832325 0.009210104116060911 0
0.07842403671935845 0.008200952250318867 0
0.07889384655928076 0.00598453850616646 0
0.07504216026595853 0.007069245341403298 0
0.07456319573767148 0.006423299369471174 0
0.07797232433353571 0.006183553865316563 0
0.07726030989107938 0.006941590578961226 0
0.07673570490230364 0.008015533267152104 0
0.07640140800298709 0.007172901325590987 0
0.07773112776547333 0.007678401194630054 0
0.07568194577353878 0.006432039420033541 0
0.07792828053344168 0.00686931933086575 0
0.05477287568574464 0.0204709133468887 0
0.05514477713199323 0.01918414223529224 0
0.0536910269211907 0.02014319489882921 0
0.0566018303187272 0.02135800788950929 0
0.05574822632840479 0.0200478316839804 0
0.05441866734848779 0.01954971939106057 0
0.05568254316049863 0.02099627679067552 0
0.05670996385116111 0.05670996385116111 0
0.03181980515339464 0.03181980515339464 0
0.02121320343559643 0.02121320343559643 0
0.05968359832106678 0.05172849854029406 0
0.05640550982131262 0.04845041004053992 0
0.05621974770051926 0.04756475697845718 0
0.05529618640891007 0.04775847019592017 0
0.05087069796383124 0.02665918808255728 0
0.05179425925544044 0.02646547486509429 0
0.0509161776315441 0.02227906874719994 0
0.05628028512683343 0.02450095482177596 0
0.06152801720567842 0.0495204257708008 0
0.05648593275195335 0.02548141546746434 0
0.06091142119703218 0.04658069758082722 0
0.06201751226386353 0.05000992082898591 0
0.0601730933792519 0.05221799359847919 0
0.05695963516740455 0.05645918846030441 0
0.05720819754823527 0.0562073138771289 0
0.05745564615444347 0.055954345005329 0
0.05770197616850309 0.05570028676990361 0
0.05794718279466586 0.05544514411706027 0
0.0581912612590544 0.05518892201411869 0
0.05843420680975538 0.05493162544941428 0
0.05867601471691181 0.05467325943220092 0
0.05891668027281538 0.05441382899255341 0
0.05915619879199789 0.05415333918126958 0
0.0593945656113226 0.05389179506977193 0
0.05963177609007499 0.05362920175000892 0
0.05986782561005303 0.0533655643343559 0
0.06010270957565723 0.0531008879555154 0
0.06033642341398 0.05283517776641738 0
0.06056896257489476 0.05256843894011878 0
0.06080032253114442 0.05230067666970298 0
0.0610304987784296 0.05203189616817844 0
0.06125948683549635 0.05176210266837745 0
0.06148728224422332 0.05149130142285412 0
0.0617138805697086 0.05121949770378213 0
0.06193927740035599 0.0509466968028522 0
0.062163468347961 0.05067290403116888 0
0.06238644904779624 0.05039812471914729 0
0.06260821515869634 0.0501223642164093 0
0.06282876236314257 0.04984562789167932 0
0.06304808636734675 0.04956792113267999 0
0.06326618290133502 0.049289249346027 0
0.06348304771903086 0.049009617957124 0
0.06369867659833776 0.04872903241005689 0
0.06391306534122146 0.04844749816748804 0
0.06412620977379162 0.04816502071054959 0
0.0643381057463832 0.04788160553873703 0
0.06454874913363713 0.04759725816980197 0
0.06475813583458059 0.04731198413964486 0
0.06496626177270708 0.04702578900220706 0
0.06517312289605549 0.04673867832936277 0
0.06537871517728924 0.0464506577108106 0
0.06558303461377452 0.04616173275396465 0
0.06578607722765824 0.0458719090838455 0
0.06598783906594556 0.04558119234297047 0
0.06618831620057677 0.04528958819124398 0
0.06638750472850385 0.04499710230584721 0
0.06658540077176628 0.04470374038112767 0
0.06678200047756679 0.04440950812848832 0
0.06697730001834612 0.04411441127627629 0
0.06717129559185776 0.04381845556967143 0
0.06736398342124179 0.04352164677057453 0
0.06755535975509853 0.04322399065749499 0
0.06774542086756152 0.04292549302543838 0
0.06793416305837013 0.04262615968579365 0
0.06812158265294142 0.04232599646622003 0
0.06830767600244193 0.04202500921053343 0
0.06849243948385852 0.04172320377859277 0
0.06867586950006904 0.04142058604618585 0
0.06885796247991223 0.04111716190491508 0
0.06903871487825734 0.04081293726208259 0
0.06921812317607313 0.0405079180405753 0
0.06939618388049644 0.04020211017874965 0
0.06957289352489998 0.03989551963031601 0
0.06974824866896011 0.03958815236422262 0
0.06992224589872359 0.03928001436453953 0
0.07009488182667423 0.03897111163034197 0
0.07026615309179859 0.03866145017559378 0
0.07043605635965175 0.03835103602903005 0
0.07060458832242192 0.03803987523403989 0
0.07077174569899503 0.03772797384854875 0
0.07093752523501849 0.03741533794490057 0
0.07110192370296463 0.03710197360973936 0
0.07126493790219356 0.03678788694389087 0
0.07142656465901537 0.0364730840622437 0
0.07158680082675201 0.03615757109363044 0
0.07174564328579847 0.03584135418070809 0
0.07190308894368365 0.03552443947983863 0
0.07205913473513045 0.03520683316096914 0
0.07221377762211545 0.03488854140751169 0
0.07236701459392812 0.0345695704162229 0
0.07251884266722941 0.03424992639708335 0
0.07266925888610982 0.0339296155731766 0
0.07281826032214693 0.03360864418056824 0
0.07296584407446242 0.03328701846818419 0
0.07311200726977865 0.03296474469768925 0
0.07325674706247445 0.03264182914336511 0
0.07340006063464055 0.03231827809198826 0
0.07354194519613456 0.03199409784270752 0
0.07368239798463512 0.03166929470692142 0
0.0738214162656958 0.0313438750081553 0
0.07395899733279833 0.0310178450819384 0
0.03224775770475501 0.03138601795410521 0
0.03266979713654088 0.03094647564840404 0
0.03308584606136775 0.03050125883309533 0
0.03349582819030215 0.03005044914549132 0
0.03389966834685047 0.02959412924844291 0
0.03429729248074363 0.02913238281518225 0
0.03468862768151541 0.02866529451397985 0
0.03507360219187162 0.0281929499926194 0
0.03545214542084797 0.02771543586269298 0
0.03582418795675396 0.02723283968371945 0
0.0361896615799006 0.02674524994708906 0
0.0365484992751095 0.02625275605983724 0
0.03690063524400115 0.02575544832825048 0
0.03724600491706007 0.02525341794130721 0
0.03758454496547459 0.02474675695395696 0
0.0379161933127492 0.02423555827024069 0
0.03824088914608717 0.02371991562625535 0
0.03855857292754152 0.02319992357296597 0
0.03886918640493225 0.02267567745886834 0
0.03917267262252775 0.02214727341250532 0
0.03946897593148847 0.02161480832484028 0
0.03975804200007103 0.02107837983149056 0
0.04003981782359077 0.02053808629482461 0
0.04031425173414097 0.01999402678592566 0
0.04058129341006687 0.01944630106642554 0
0.04084089388519307 0.0188950095702119 0
0.04109300555780211 0.01834025338501204 0
0.04133758219936299 0.01778213423385699 0
0.0231903136008821 0.01903179852490938 0
0.02494408836907635 0.01666710699058807 0
0.02645763793045065 0.01414190210477992 0
0.02386485386504599 0.02386485386504599 0
0.02651650429449556 0.02651650429449556 0
0.02916815472394509 0.02916815472394509 0
0.05936538742777995 0.05141028764700723 0
0.05904709153857308 0.05109199175780037 0
0.05872608675216084 0.05077098697138813 0
0.05839637363261713 0.05044127385184442 0
0.05804195541161396 0.05008685563084126 0
0.05761247618726121 0.04965737640648851 0
0.05703724547526579 0.04908214569449308 0
0.05161864293066117 0.02562819364151542 0
0.0514430266058819 0.02479091241793656 0
0.05126741028110263 0.02395363119435768 0
0.05109179395632336 0.02311634997077881 0
0.05181019554742565 0.02264938309296262 0
0.0527042134633072 0.02301969743872528 0
0.05359823137918876 0.02339001178448795 0
0.05449224929507031 0.02376032613025062 0
0.05538626721095186 0.02413064047601328 0
0.06177276473477097 0.04976517329989336 0
0.06171010911642826 0.05037793295723478 0
0.06140270596899299 0.05074594508548367 0
0.06109530282155771 0.05111395721373255 0
0.06078789967412244 0.05148196934198143 0
0.06048049652668718 0.05184998147023031 0
0.05992834585015935 0.05197324606938663 0
0.06102301037515332 0.04711271830106984 0
0.06112737625275173 0.04761030068588121 0
0.06122869429293114 0.04809335197828613 0
0.06132868537320391 0.04857007675966957 0
0.06142835128944116 0.04904525126523518 0
0.05705594992732554 0.04738936696885413 0
0.05789215215413181 0.04721397695925107 0
0.05872835438093809 0.04703858694964801 0
0.05956455660774436 0.04686319694004495 0
0.06033278125357427 0.04670206495104747 0
0.05554759805265076 0.02567822734699034 0
0.05460926335334818 0.02587503922651633 0
0.0536709286540456 0.02607185110604231 0
0.05273259395474302 0.02626866298556831 0
0.05107185652951664 0.02761824636043742 0
0.05127301509520205 0.02857730463831755 0
0.05147417366088745 0.02953636291619768 0
0.05167533222657284 0.03049542119407781 0
0.05187649079225825 0.03145447947195795 0
0.05207764935794365 0.03241353774983807 0
0.05227880792362904 0.03337259602771821 0
0.05247996648931445 0.03433165430559833 0
0.05268112505499986 0.03529071258347848 0
0.05288228362068526 0.03624977086135861 0
0.05308344218637066 0.03720882913923874 0
0.05328460075205606 0.03816788741711888 0
0.05348575931774147 0.03912694569499901 0
0.05368691788342687 0.04008600397287915 0
0.05388807644911227 0.04104506225075928 0
0.05408923501479766 0.04200412052863942 0
0.05429039358048308 0.04296317880651954 0
0.05449155214616846 0.04392223708439966 0
0.05469271071185387 0.04488129536227979 0
0.05489386927753927 0.04584035364015992 0
0.05509502784322467 0.04679941191804004 0
0.06077581541536579 0.04593417354645449 0
0.06059274801368019 0.04506136802411265 0
0.06038740725059385 0.04408237039628023 0
0.0601820664875075 0.04310337276844782 0
0.05997672572442116 0.0421243751406154 0
0.05977138496133481 0.04114537751278298 0
0.05956604419824848 0.04016637988495057 0
0.05936070343516213 0.03918738225711815 0
0.05915536267207579 0.03820838462928573 0
0.05895002190898944 0.03722938700145331 0
0.0587446811459031 0.03625038937362089 0
0.05853934038281676 0.03527139174578847 0
0.05833399961973042 0.03429239411795605 0
0.05812865885664407 0.03331339649012364 0
0.05792331809355774 0.03233439886229122 0
0.05771797733047139 0.0313554012344588 0
0.05751263656738505 0.03037640360662639 0
0.05730729580429871 0.02939740597879398 0
0.05710195504121237 0.02841840835096157 0
0.05689661427812604 0.02743941072312917 0
0.05669127351503969 0.02646041309529676 0
0.05642136646902818 0.05642136646902818 0
0.05607436685775066 0.05607436685775066 0
0.05572602451917653 0.05572602451917653 0
0.05537768218060239 0.05537768218060239 0
0.05502821376752944 0.05502821376752944 0
0.05467176370755147 0.05467176370755147 0
0.05429368876370094 0.05429368876370094 0
0.05384301164133688 0.05384301164133688 0
0.05322251712903939 0.05322251712903939 0
0.05235585973358102 0.05235585973358102 0
0.05114743089664222 0.05114743089664222 0
0.04976688620069597 0.04976688620069597 0
0.04838634150474972 0.04838634150474972 0
0.04700579680880346 0.04700579680880346 0
0.04562525211285721 0.04562525211285721 0
0.04424470741691096 0.04424470741691096 0
0.0428641627209647 0.0428641627209647 0
0.04148361802501845 0.04148361802501845 0
0.04010307332907219 0.04010307332907219 0
0.03872252863312592 0.03872252863312592 0
0.03734198393717966 0.03734198393717966 0
0.0359614392412334 0.0359614392412334 0
0.03458089454528714 0.03458089454528714 0
0.03320034984934089 0.03320034984934089 0
0.07055398144105432 0.03721324513747731 0
0.03730437381107971 0.0264378274186066 0
0.06954291946038099 0.03911441874070852 0
0.03974736892964425 0.02272357074337679 0
0.06816258012615294 0.04156041228074748 0
0.05990847070235394 0.03614952127932756 0
0.06718689433021045 0.0430076442693364 0
0.05836993996603036 0.05113865582969798 0
0.05019822143234586 0.0309242732846467 0
0.07034495091638596 0.02979478441332685 0
0.07140609486107126 0.03570134812640879 0
0.05538561374665323 0.05465691986481166 0
0.06072043678955205 0.03985554950458958 0
0.0660244496437913 0.04480396962458534 0
0.06481526688512391 0.04654165524102143 0
0.05171095436479649 0.03444753963818629 0
0.07211289533576039 0.03409122404702901 0
0.0542801352905888 0.05326750860753936 0
0.06425416555100523 0.04742464088528112 0
0.04010283741490645 0.03731382121300447 0
0.03554719435285116 0.02872927365057287 0
0.05213648416321708 0.03815338816033578 0
0.07192875675017789 0.0302178239514139 0
0.06139064081062018 0.04475097030441975 0
0.06695047504792002 0.02915793833946423 0
0.05925941337704509 0.03205440047212344 0
0.06138916930139243 0.04647727196900589 0
0.05715584659331108 0.05004242781212684 0
0.05863379935858486 0.05416234261855283 0
0.05766493098638056 0.05521580926384624 0
0.0635842412586561 0.04818687367976975 0
0.07274287003476297 0.0328183578346773 0
0.05292315721820925 0.04213125017832516 0
0.07329423888860408 0.03152747833030439 0
0.06161060930463564 0.04754798942172592 0
0.04563578488613603 0.04267239797881728 0
0.04685866090176118 0.02174489915871833 0
0.04050152214338888 0.02152344045400278 0
0.06316635479772262 0.04880723865542918 0
0.05934395281401074 0.05204008158697221 0
0.05392131377243414 0.04616969747645225 0
0.05311213273618035 0.05128245584648203 0
0.0616007913339951 0.02745931724840001 0
0.06177247174085631 0.04858102566475262 0
0.03457246001953813 0.03004600559542728 0
0.05641130295854238 0.05577311580082246 0
0.05807303902535862 0.02763186691945473 0
0.05863509530922743 0.0289815818599844 0
0.06907091566485982 0.04002867797579272 0
0.05959764567822205 0.05310579430960308 0
0.07291896143794263 0.03065039119105789 0
0.05122469560007262 0.04850972433751236 0
0.05002786081762205 0.02428194801745161 0
0.05540621921043458 0.0487892248953765 0
0.05007381468921498 0.02792423021283527 0
0.03734840846747755 0.03462625997408703 0
0.0621788515822126 0.04948845285516269 0
0.04351649586440696 0.01968801361086361 0
0.04163016377705437 0.01999074279060028 0
0.07171434737072213 0.03507398988180819 0
0.06988398360529016 0.03845440524709084 0
0.05986316210546261 0.05243013018978136 0
0.05722865747624826 0.05569307909926153 0
0.05697630782813134 0.05592754308738068 0
0.06274762198228828 0.04941621844400908 0
0.06233714338210694 0.04986796281167775 0
0.06132683909251878 0.04397860937820881 0
0.05504443862502388 0.0542576337079597 0
0.04283339209397043 0.04004277174918293 0
0.04988946495971718 0.04707116983346264 0
0.04859462663581268 0.04569679193164579 0
0.05608507168305871 0.05539583700334244 0
0.05799916135115634 0.05082559461935972 0
0.05048653394592471 0.02520816794040527 0
0.07353390560074309 0.03084178042448737 0
0.04923622321046643 0.02189411950405344 0
0.03344202423488276 0.03120904357360087 0
0.0418920629853756 0.0185396182063724 0
0.06134889262296584 0.04285532093379654 0
0.05903077148856292 0.05175055970075194 0
0.06524642301325964 0.04593870624220778 0
0.05810273843712163 0.05464226095321718 0
0.05906301260387613 0.05363805710035847 0
0.06846866682026802 0.04095165906604181 0
0.07247773037771824 0.03346055363633868 0
0.06699167526880348 0.04333552028892477 0
0.06666352421565767 0.04393216264041317 0
0.07027320389927663 0.03784271664680328 0
0.06582393387579032 0.04510969022455527 0
0.07196130230034625 0.03443998577075749 0
0.07315208384944781 0.031880143204469 0
0.07094203308718634 0.03658900577241435 0
0.07292153299835935 0.03251603794215097 0
0.06936908577868392 0.03943613057622843 0
0.0664402582018828 0.04419263241254077 0
0.06795395983670179 0.04183872801586081 0
0.0676215524990626 0.04243419831221533 0
0.06460699909555927 0.0468449477447037 0
0.06547778654955473 0.04568361261800801 0
0.06384536631922534 0.04793923815234474 0
0.07125907919723956 0.03601715641628425 0
0.06865381311050225 0.04061613908484656 0
0.0359599393397385 0.03334872330832302 0
0.03825998554059896 0.02537405264589056 0
0.03651586052439089 0.02753755114707693 0
0.05307623302826609 0.02259357163053271 0
0.05487007349790786 0.02333499706410249 0
0.06839140832909021 0.02948206364235171 0
0.07095375097525219 0.02992129053199188 0
0.05669621961359834 0.0561355554546627 0
0.05807776177002585 0.02583162910460765 0
0.07145901138103491 0.03006801144256543 0
0.06951741424220816 0.02968184398845572 0
0.04580022522240156 0.02049542856322568 0
0.05961088390624879 0.02688437366854313 0
0.06309693146371087 0.02843918685015783 0
0.07235416969919978 0.03031313663237437 0
0.06184237826898346 0.04910064260826654 0
0.06013967467012044 0.05263893952799721 0
0.0605566501796406 0.05214575357092006 0
0.06045323712527343 0.03876498099102402 0
0.05967999192909297 0.03497018217387654 0
0.0594005490520005 0.03362076667983213 0
0.06013987571529122 0.03747395177432743 0
0.06106152428304779 0.04096378506652103 0
0.05880705164429562 0.03055215141057976 0
0.06522808884608595 0.02874731450355852 0
0.05226320618058613 0.03717621510180679 0
0.05271053808772787 0.04096671834110838 0
0.05246893888638805 0.03964064815080961 0
0.0507560787209084 0.03346319520160579 0
0.05115899419241814 0.03206214975563645 0
0.05150526237926475 0.03599345358482457 0
0.05034856649512732 0.02917003119968658 0
0.05334961969897822 0.04503795759541142 0
0.05317118440004123 0.0434908609559749 0
0.05802982020049234 0.0515126636045105 0
0.06897707883017717 0.03924922430437215 0
0.05573875997790548 0.05429932908630244 0
0.07048574395820217 0.03043657282127035 0
0.06756703548544314 0.04162601511024663 0
0.04859114745928403 0.02969315744620929 0
0.06521504183085521 0.04532821227875235 0
0.06424396718905115 0.04662977565957978 0
0.07152423780014612 0.03429572198299118 0
0.07260352615159378 0.03220731029254888 0
0.06638769438870303 0.04357759962541594 0
0.06180802044588619 0.03714458260566124 0
0.03870673278457883 0.0273037412902493 0
0.06723858963592669 0.03070622230540578 0
0.04538512567555353 0.02290139919455541 0
0.06200704533276687 0.03892225510609063 0
0.04951549675326475 0.03503844259780269 0
0.06293512483132684 0.04396006824511564 0
0.07192244402188712 0.03063116843764336 0
0.06365157352602803 0.04753127704917384 0
0.06378950877558594 0.03010726827339189 0
0.05129702918563865 0.04162460542090886 0
0.06805225178393631 0.0407678942616174 0
0.03732633901387865 0.03198034771217947 0
0.05902283182006013 0.05238972418757629 0
0.06135738539763842 0.04594540721868995 0
0.04071451424511444 0.02377093947822778 0
0.06035825068019983 0.03023661352024587 0
0.06113442117578688 0.03338743619567029 0
0.05388445083590763 0.04902929839781541 0
0.05140538848341372 0.04550107882357438 0
0.06265733737748079 0.04040687255587765 0
0.06229575629525857 0.04875149706829546 0
0.04924808535235613 0.02622624589924534 0
0.05469135087274057 0.05378370563227512 0
0.05682886992092594 0.05547968686270724 0
0.05573540484509023 0.05502574190986789 0
0.03873426645112062 0.03595549363913641 0
0.04146269928034566 0.03868206882024399 0
0.04422191732442513 0.04138224838623671 0
0.04745290690113671 0.04389207683939862 0
0.07276486031752946 0.03178641841630134 0
0.0731392530136719 0.03098167268914531 0
0.06161879974686412 0.04701032992983622 0
0.05758285986344436 0.05047403766307607 0
0.05870632493644612 0.05144744674421033 0
0.06659336300773494 0.0431311035406224 0
0.06544521642315172 0.04490197756989755 0
0.05391288416547441 0.05230168116429488 0
0.06180859135953383 0.04806310990054115 0
0.05087523568216962 0.03989728094595658 0
0.04804951724428282 0.02323403531606995 0
0.05234812204273329 0.05000272891181035 0
0.07101247960348393 0.03044247111214818 0
0.0617390304291688 0.02960587958887333 0
0.03714842112823612 0.029102087257877 0
0.03930918674883387 0.02458817126957906 0
0.0686714029164089 0.03082496021264824 0
0.03460864370642305 0.03215460186331351 0
0.06266224759412831 0.04459113462153878 0
0.05581528907786022 0.05000966373785545 0
0.05964617180556188 0.05228311761684104 0
0.07245233893148151 0.03079912870768684 0
0.04405951572577403 0.02138746704876096 0
0.04250735186901224 0.02141604654066808 0
0.07148481714550461 0.03053915991716234 0
0.06037602775882987 0.02844948781382496 0
0.06248959308267787 0.04917639308987527 0
0.04889649234513396 0.03240564209572255 0
0.06833833247063686 0.0412646736782086 0
0.06257299728810609 0.04964598391007929 0
0.07262886396717629 0.03314729883727231 0
0.06502889575353291 0.04624130896069447 0
0.07186207274711122 0.0347635824194712 0
0.05932809598242027 0.05334790810674363 0
0.06567394243910057 0.04540590365651365 0
0.06685043015373938 0.04364537720277605 0
0.05785576429520629 0.05493245408304547 0
0.06885871464422726 0.04029261186328007 0
0.06780657536752575 0.04214738080156619 0
0.07007033427560484 0.03812026697344185 0
0.06407374953962827 0.04767137331669199 0
0.07073773568278939 0.03686912150538072 0
0.07306400574772624 0.03220623742021543 0
0.06924364592573444 0.03973965062275236 0
0.07111853928519538 0.03629035483149054 0
0.05836966731192011 0.0543722525037924 0
0.07152924170752936 0.03537379018084373 0
0.06622992782133801 0.04449933858855768 0
0.06445032989320668 0.04714057233559453 0
0.06334078852571311 0.04850030564231134 0
0.07345991392932785 0.03121963083283275 0
0.06290005434207406 0.04908573942013121 0
0.07043549087364497 0.03754162741789847 0
0.06971597305501061 0.03878889507590139 0
0.05986832344539311 0.05276244209825603 0
0.07228783933628576 0.03374733530725466 0
0.05886717099263258 0.05391738173763351 0
0.06740218402616807 0.04269097876773576 0
0.05744191750598627 0.05547517572524307 0
0.0499289266061478 0.02302617539540815 0
0.05135112704859498 0.04348991208312663 0
0.05030650767033658 0.03794930249770027 0
0.06572054165760301 0.03063804775842285 0
0.0706913002242955 0.03091161857918737 0
0.070349655345541 0.03660993089929827 0
0.0471771205664421 0.03128353087427281 0
0.06186404352466886 0.04651133137135538 0
0.06617733793452862 0.04288101237346606 0
0.06505195436970887 0.04463742028351363 0
0.0415239052824365 0.03591202781892239 0
0.06406722631602628 0.03860433781355703 0
0.05806158964776794 0.05404026965424603 0
0.06218635456725326 0.04714836389309186 0
0.06775747557121939 0.03237674764924661 0
0.04416917245747246 0.03861162920721581 0
0.04870148596432701 0.03991821776153757 0
0.06233412107483727 0.04823618936519256 0
0.06968291965367855 0.03787188518513502 0
0.05645237254243162 0.05505446927792276 0
0.05519517893176863 0.05335962315145074 0
0.05837121127394853 0.05180375232250996 0
0.0641940696191379 0.0322579440475645 0
0.07147929020041467 0.03096857266554451 0
0.07237885200078469 0.03156061266286854 0
0.04696087618512865 0.04123883740893277 0
0.06238742496489173 0.04321394371152132 0
0.04834005347621233 0.03674134364355756 0
0.06400371254423745 0.04706932482239778 0
0.04015617362328765 0.02615347687996095 0
0.04957057697182893 0.0435721005242834 0
0.06278558386927224 0.04870144964982671 0
0.05541367609945073 0.0539450532323518 0
0.04615610266848141 0.02439495812799245 0
0.06194415380340293 0.04548668604795497 0
0.06263202971754993 0.03115715450447007 0
0.06786609544420712 0.04121986065810623 0
0.05722322823978378 0.05507403513328078 0
0.05510981541343711 0.05150099004693784 0
0.05609000575444917 0.0546715644213753 0
0.04012250682648451 0.02883220015849446 0
0.07138156937690175 0.03476047882505679 0
0.06736311867049605 0.04206830013162133 0
0.06878756065036044 0.03967329031862846 0
0.06078813019036922 0.03171022486896283 0
0.03874961250019696 0.03322940094926559 0
0.07093330954380429 0.03569212771963067 0
0.05288642710916015 0.04732369820237257 0
0.05768764679281181 0.05122234383134697 0
0.06978552543584618 0.03068113036284042 0
0.07233090458599832 0.03264081997101943 0
0.0721641863241281 0.03312351058179839 0
0.06607624604593651 0.04396182691628111 0
0.06489290892415193 0.04570383907938472 0
0.06326326918340802 0.04787268460887866 0
0.05939182013312911 0.05269580930129682 0
0.06226715339280162 0.04412341086457788 0
0.07282833874253408 0.03130675253687754 0
0.06207887543689626 0.04760260735356608 0
0.03591310304400784 0.03087009276927455 0
0.07013856647200747 0.03700651827884831 0
0.0694860239578432 0.03825776681694679 0
0.05441994410859757 0.05075482310169668 0
0.0586964417456271 0.05209727801423863 0
0.04343329019550599 0.02368784780515917 0
0.07196983998952768 0.03117293086772015 0
0.06128150424464101 0.035314827818156 0
0.07106076136307235 0.03087544011537499 0
0.0477303855139607 0.03402191106896673 0
0.04865646410461773 0.02794032062323275 0
0.04865830207222096 0.02475064856143889 0
0.06139081917294908 0.04539428288144349 0
0.05522652253681613 0.05260815932178239 0
0.04181638742116239 0.02253086954714616 0
0.06449365284791944 0.0463417424489545 0
0.06825962584559978 0.04039267167518776 0
0.06568868203423872 0.04460906670062607 0
0.06919160874560056 0.03894191309261177 0
0.07169297851635399 0.03390451649297799 0
0.06681514228052735 0.04276438512472286 0
0.04975888363466471 0.04487125891133007 0
0.05436900883721719 0.04767262520682069 0
0.06287421154111004 0.04258495178983802 0
0.0563239550187517 0.05129068243564577 0
0.05665251989534874 0.0504730445288362 0
0.0587192566805498 0.05336773529401991 0
0.07077378954050796 0.03130282804311597 0
0.06887714893936528 0.03856344942526181 0
0.06785083128156225 0.0401436146381297 0
0.07106489833316967 0.03410952563160437 0
0.06713467544066259 0.04139971741442092 0
0.06424004266799234 0.04594506359981666 0
0.06303985453823252 0.04450064959487831 0
0.06415722111569896 0.04190170404667916 0
0.07170495632502392 0.03292503322071383 0
0.05643462111994839 0.05431455693292864 0
0.06326836879301857 0.04721738485822433 0
0.05773991021163208 0.05186628975018888 0
0.07167605974477559 0.03164986103557045 0
0.04574537077311753 0.03305896451557862 0
0.06899215662230569 0.0320279250962378 0
0.06969367248332346 0.03677442416754843 0
0.06231718791087115 0.04664068226367409 0
0.05749327873360278 0.05465690436212799 0
0.06643895924162529 0.04248424922718821 0
0.06401901420694846 0.04003257315889955 0
0.04700478139524383 0.03840132531800635 0
0.06254231706810365 0.04776471783066372 0
0.0690539464931833 0.03805844775218008 0
0.0586954952682507 0.05273792436757101 0
0.0654098208810858 0.04421894784318391 0
0.07111218140529955 0.03519914884513729 0
0.05680419964606823 0.05469230818113485 0
0.07066249748593868 0.03620413556280491 0
0.06996844023111079 0.03747372538774073 0
0.0633981301993584 0.03692638535861623 0
0.04446105617774464 0.02545134197460501 0
0.04016386624418362 0.03454418992505576 0
0.04560491583484743 0.03992054315595899 0
0.05607676459307549 0.05394907882810467 0
0.05573029897353487 0.05361506174986493 0
0.06591950760786454 0.04330038397695323 0
0.06476869100602672 0.04504818555301266 0
0.07212001555805099 0.03194375413831899 0
0.04282991556761962 0.03729386562378786 0
0.06761863099607653 0.04054164056534657 0
0.06936319695580313 0.03861302960861732 0
0.0718943421130728 0.03352818108073627 0
0.06392520364021348 0.04633928507850806 0
0.04019471837466397 0.03174215335273818 0
0.06857405817168533 0.03898921155537369 0
0.05902389666186476 0.05304280311444543 0
0.04929329115856827 0.04191120320988771 0
0.06705950496149361 0.04242503599489558 0
0.03871556583416332 0.03041868701398323 0
0.0419076493950894 0.02539611544803855 0
0.06327144022639387 0.04302582252878683 0
0.0618932493994554 0.04602715898854444 0
0.07122441685750916 0.03133744711821609 0
0.06633298308406263 0.03270010980828156 0
0.05727134611658791 0.05165238641897177 0
0.06848813822243886 0.04003707802624219 0
0.0647088315066566 0.04603754168692165 0
0.06589854491446047 0.04430047618115081 0
0.06289474323672713 0.04824715558816942 0
0.04682718819485478 0.02966704628039347 0
0.05570533324593074 0.05098570376179061 0
0.06359318972175881 0.03499030600479375 0
0.0627523557570026 0.03311153135977776 0
0.05776823789500281 0.05433288452909977 0
0.06202375835819623 0.04487775790447274 0
0.04661564428624027 0.03565244537872434 0
0.05843767599158809 0.05375215276527059 0
0.04131644009311432 0.02735574178305437 0
0.04711286504257947 0.02597076362796183 0
0.07037459014058602 0.03115450555759649 0
0.05478467812626436 0.05258956122816912 0
0.0571456159991278 0.05099579460974237 0
0.05836055782796882 0.05244339917111402 0
0.04791895361742307 0.04223749564285935 0
0.06230947638133116 0.04180293625052517 0
0.05641526334069462 0.05360012632204288 0
0.06743013213280966 0.03988234102115753 0
0.0649306984829072 0.0439257776482999 0
0.06604230865027978 0.04216829012828668 0
0.05737298879305235 0.0521677218299568 0
0.06846286649433488 0.03338666812722858 0
0.07041094806383674 0.03545453923823804 0
0.06527869941627124 0.0359483752637067 0
0.06838626671847023 0.0382790417449233 0
0.06239224428406837 0.0461175480569844 0
0.06561138164823124 0.03939942533016416 0
0.05806336059322241 0.05339953180440886 0
0.0638242957729583 0.04562347731099809 0
0.06339851723909316 0.04389507417228653 0
0.07018783266070404 0.03165354158103098 0
0.06991934411846265 0.03634886953264171 0
0.06925788842987503 0.03762726789197951 0
0.04511614196739383 0.03478271289837249 0
0.07147329134271846 0.03328831307340031 0
0.04163230910427847 0.03308041338496564 0
0.06695194084307514 0.04180727116026541 0
0.06314368074684069 0.04501645300576823 0
0.07142473861792803 0.03203759675855924 0
0.05671902925283705 0.05185474586760492 0
0.06450036958032264 0.04546564029207557 0
0.06565903314167609 0.04372866996255496 0
0.06352764783539026 0.04671297040569212 0
0.06262329757058656 0.04727040200200865 0
0.06832978021055283 0.03938112755047665 0
0.07086545075565592 0.03454448031754175 0
0.06575316884266327 0.04259992564613749 0
0.06464631448097986 0.04436509670689397 0
0.06737879673732175 0.04096409602516881 0
0.06510424845705758 0.03360763957939236 0
0.05803382951489338 0.0521495271495785 0
0.07181345762047735 0.0324114898606802 0
0.04169063579359654 0.03009841897673383 0
0.0634942688227349 0.04225396997825985 0
0.04517690586538052 0.02688648249974999 0
0.05712516029510432 0.05432897616369206 0
0.05837772656500771 0.05307613769660847 0
0.04546181072324759 0.03718334516041329 0
0.05576967542238613 0.05205275659669215 0
0.05743263281356179 0.05399839349794166 0
0.07088363220502363 0.03181173133472587 0
0.06947872410791966 0.03720327767090554 0
0.06298257822492825 0.04753110274491842 0
0.04530894175433973 0.03138544634105189 0
0.06808757874947265 0.03976305494099219 0
0.04663165830177066 0.02803139562617168 0
0.05548486000053143 0.05291761414410444 0
0.06973292794850194 0.03130842439180852 0
0.04319461872993601 0.03444675725725627 0
0.04327104170781331 0.02801492354880745 0
0.06671841440401206 0.04216735307261853 0
0.04324604106311977 0.02620892022968043 0
0.07060108782047816 0.03390332101392406 0
0.06902247530901257 0.03696172510925374 0
0.06667250475146187 0.04116854763570915 0
0.0638374780824275 0.04275247094586842 0
0.06559433726202517 0.04184646322164395 0
0.06930128198475402 0.0328989899679278 0
0.06521132685606067 0.04347962925065817 0
0.07047029729249119 0.03221278758436071 0
0.05685759817500662 0.05243156844623496 0
0.06364724815623568 0.0449638162494569 0
0.06619924087225515 0.03487554527729355 0
0.07135412735354672 0.0326575339667677 0
0.05767468510922522 0.05248991446117852 0
0.0624118954930353 0.04562052294288297 0
0.06448636431549944 0.04367382746518447 0
0.06642341434939379 0.04171353113327057 0
0.0634568653711569 0.04603645754645608 0
0.05711477229596044 0.05363810267396529 0
0.06860103782371876 0.03783313009399442 0
0.06548165605832527 0.04303622335533221 0
0.06976394067143421 0.03199068366661025 0
0.06436445116693046 0.04479203908902697 0
0.07064476697244419 0.03499418578043809 0
0.04405924845076914 0.03304387288020987 0
0.0701668605166566 0.03591291576636756 0
0.0662045823118011 0.03892452425273306 0
0.04338844955648262 0.03156484395851385 0
0.0671816843915084 0.04028910762336191 0
0.06814855472975033 0.03870335379964458 0
0.0676684727056879 0.03949203590428799 0
0.05775027734603045 0.05370258689096091 0
0.0560138405520317 0.05326159923293648 0
0.05677273729977394 0.05396818822223875 0
0.06409792829616531 0.04521726667139368 0
0.0628955560240046 0.04614336206898959 0
0.06924018847982198 0.03653463591625563 0
0.04497408567870956 0.02966719264256793 0
0.06262378646505291 0.04508547279833165 0
0.07125577676451451 0.03368972330341503 0
0.05803008365100656 0.05278510534588224 0
0.06354779299344462 0.04436847502156333 0
0.06368548759260675 0.0409754284875621 0
0.05601327533696543 0.05258477283375917 0
0.044126571051877 0.0361354020945313 0
0.06287947240077472 0.04677552043927651 0
0.06992837534560256 0.03522043674213032 0
0.0679319413597341 0.03801795465065325 0
0.06877746033828538 0.03630997853707342 0
0.06590821376334664 0.04137063887657778 0
0.06699820247358533 0.03962610148667753 0
0.07100982478173695 0.03299104078288657 0
0.06704898793131123 0.0367608539541231 0
0.05745516782943268 0.05339182220291519 0
0.06422727145361737 0.04412694895788887 0
0.06503972035856953 0.04277420082037978 0
0.06530302231381105 0.0423170880349653 0
0.0700462584453454 0.03253521425534339 0
0.06871959990822726 0.03520638465175847 0
0.07039242440468423 0.03433662036800842 0
0.06692784729233282 0.04071585809997038 0
0.05679293036590568 0.0532567089477097 0
0.06880788683334088 0.03739370626542772 0
0.06325168217329821 0.04550291119933118 0
0.06476668742693649 0.04322321358854098 0
0.0696907469417657 0.03566559793316202 0
0.05634687815331827 0.05220355453767851 0
0.06396814416400662 0.04341847982775913 0
0.06936897227108586 0.0315469596278295 0
0.06946061746357395 0.03610473799254708 0
0.07079713664917131 0.0334714818966416 0
0.05728228003557966 0.05291459041762408 0
0.07110480553772235 0.03233881225455692 0
0.06285389652517841 0.04563048926501839 0
0.06401063787676331 0.04454640647041253 0
0.05640769035065447 0.05289062669525444 0
0.05776456411477729 0.05311151007010366 0
0.06421056896116678 0.04240124986282051 0
0.06356780323742156 0.04538489961963949 0
0.06790592114820461 0.03910309572630958 0
0.06383517381360992 0.04393746789603058 0
0.07014356620616027 0.03370517677165432 0
0.06507360739527761 0.04153542177180556 0
0.06945148065361559 0.03498776523761887 0
0.06620816759048032 0.04090390050852244 0
0.06749599368712701 0.03551636547384345 0
0.06608678992712624 0.03733724703121555 0
0.06921342579673212 0.0354332268586826 0
0.06770079274294527 0.03843311423348884 0
0.0672407249506029 0.03923509721559922 0
0.07016606194101563 0.03477594779295123 0
0.07032583462385877 0.03326659730422246 0
0.07049102930914448 0.03285858970616835 0
0.06673726093274188 0.04003197197723132 0
0.06480103964745637 0.04206424867332297 0
0.0685625572986595 0.0367400723131445 0
0.06437086767399972 0.04297132707312487 0
0.06814478142662249 0.03759405315326286 0
0.06339702181367196 0.04163328115875201 0
0.06899081568222584 0.03587719157524145 0
0.06946783779569073 0.03238379991322992 0
0.06457922809060435 0.04254802970177227 0
0.06343014244427296 0.04347209568988223 0
0.06861750952595369 0.03150038547707464 0
0.07076698627715994 0.03253046066187178 0
0.06970065259197258 0.03455218214668231 0
0.06541058988347383 0.04102590681725401 0
0.06747322122628699 0.03775547545860732 0
0.0683083097782099 0.0361083389114338 0
0.06971902945472412 0.0335244167999065 0
0.06656450030254062 0.03938599001351635 0
0.0644383504202581 0.04122698568444596 0
0.069938132394144 0.0341294046690647 0
0.06983769264927342 0.03307757059711496 0
0.06647743667321201 0.04045814064495803 0
0.06835198900868955 0.037168489787195 0
0.06746788885738537 0.03883990377864113 0
0.06851124634953508 0.03566820467530031 0
0.06295783008769319 0.04344604568229146 0
0.06897010528898423 0.03474133470969877 0
0.06925313469430557 0.03429739275754853 0
0.06846832918093208 0.03443082845223754 0
0.06625098509733894 0.03976036055120421 0
0.06576157779558485 0.04062580107948639 0
0.06698275417455962 0.03859779017540545 0
0.06483068418411711 0.04061948114941499 0
0.06810038342045011 0.0365349559965284 0
0.06918778795699149 0.03350442809863243 0
0.06681054536349644 0.03900732511752383 0
0.06785745019736444 0.03592383413454388 0
0.06770138477113269 0.03735841926559422 0
0.06953106835820204 0.03392676648313525 0
0.0672181872123363 0.03816506079605275 0
0.06804697670197334 0.03548021277776168 0
0.06639496321188074 0.03834321182432607 0
0.06761842987222265 0.03632547054800495 0
0.06883067932732123 0.03399594340085687 0
0.06539636174341408 0.03865201271998055 0
0.06603168438335323 0.04020220935436578 0
0.06703163000479652 0.03743955281503671 0
0.06790529092339358 0.03695352946055264 0
0.06818370225941395 0.03497488744880427 0
0.06484375378722829 0.03955503000412196 0
0.06875144241157338 0.03262053096420666 0
0.06537703461305329 0.04012189870891233 0
0.06793916210039209 0.03395469628828647 0
0.06692034506334972 0.03603498418873916 0
0.06669397319106292 0.03784156671496755 0
0.06569194914471409 0.03805366666986991 0
0.06732148791945695 0.03713015178523112 0
0.06749585704584364 0.03675417771431858 0
0.06744454318552749 0.03470909491098249 0
0.06669247180435522 0.03702070625683005 0
0.06493982130362089 0.03722975508650431 0
0.06687813652336462 0.03378982430414038 0
0.06619357181720005 0.0365119593633237 0
0.06748467147339665 0.03346187003902904 0
0.03633973613546177 0.02455550487447418 0
0.03440421564896854 0.02689619540388999 0
0.03851168401337587 0.02165010753305943 0
0.03210401850929408 0.01689635172595943 0
0.03020553629510964 0.02375669515713463 0
0.03282446905810642 0.0293084098992226 0
0.03945180432056218 0.02005534075682603 0
0.04057021878226093 0.01800246075956838 0
0.02575783018196138 0.02129709286698529 0
0.03198517436531954 0.03055027340055981 0
0.02832423120503919 0.01830532363097276 0
0.03549063905973993 0.02029941248068994 0
0.03776188164743813 0.02326484205932845 0
0.03931160768587699 0.01819910631694488 0
0.05631627658831968 0.02954564741704097 0
0.05879265492149112 0.04132015266530299 0
0.05672297516050614 0.03150894585469195 0
0.05915647427950413 0.04329624482847387 0
0.05756963638676768 0.03541477762200035 0
0.05816223751578453 0.03838961969722429 0
0.05349807300216888 0.03436981776410786 0
0.05517973057468267 0.04280940301502038 0
0.05420964064009898 0.03807613746730967 0
0.05285498573148033 0.03148410782764162 0
0.05470820324379784 0.0400995983629161 0
0.05220033978992623 0.02849072547999374 0
0.05782354831876368 0.04638954999489513 0
0.05474034755541765 0.02685451851262351 0
0.05564533585098754 0.04474476519679874 0
0.05288491373085499 0.02729078586715323 0
0.05595465120819761 0.04671242497015216 0
0.05571562548153896 0.02664886509795899 0
0.05936889057895234 0.04427456386129464 0
0.06011376514862693 0.04606253225476507 0
0.0571722595609404 0.03348899129335573 0
0.05776147961351299 0.03639049180564029 0
0.05610186376054441 0.02857692742966418 0
0.05860610044724172 0.04034254914902717 0
0.0548403041841318 0.04103177525356975 0
0.05307142784325818 0.03241811674666067 0
0.05363879907989189 0.03532391036984037 0
0.05374251698487253 0.03617400910635966 0
0.05244245224271237 0.02951294308595254 0
0.05939542984195617 0.04617464304383252 0
0.05198529940299959 0.02746757292822083 0
0.0556100718202311 0.04014925300120864 0
0.05839260522614248 0.0444683193800377 0
0.05460174797689051 0.03540172520004716 0
0.05536380630783919 0.02967689649941869 0
0.05380180806922953 0.03150978081046886 0
0.05781971038933565 0.0414650591479236 0
0.05658639001760833 0.03550096181323638 0
0.0589674428877 0.04230536885878233 0
0.05738301537035335 0.03444432388564516 0
0.0579507517680047 0.03738461006213917 0
0.05652766760303773 0.03051747661747353 0
0.05693619484199633 0.03250510191261587 0
0.05839521688610484 0.03937269628167606 0
0.05419353309157694 0.03711275170311008 0
0.05465317825021564 0.0390312585881876 0
0.05502355846878824 0.04194029564718147 0
0.05265692576699597 0.03051635740633975 0
0.05330437548762429 0.03337954397662524 0
0.05566143649537883 0.0437585200952566 0
0.05862508702535562 0.04622548635262389 0
0.05958595784150201 0.04532052003403599 0
0.05380568642326317 0.02707668014692707 0
0.0568741376093966 0.04637988545017665 0
0.05590085744660504 0.02761607736811142 0
0.05311878657252287 0.02831274321448534 0
0.0559529349913476 0.04570729199426451 0
0.0551687343737896 0.03742602258307624 0
0.05583529123624333 0.03269055924108868 0
0.05644789338657406 0.03453671095463758 0
0.0579863270575336 0.04352457711305562 0
0.05451064375746455 0.03443049852621924 0
0.05619500895774181 0.042777217230206 0
0.05675179060644567 0.04397167971855219 0
0.05555986820687622 0.03061219747884184 0
0.05753096399609757 0.03957802351490351 0
0.05576848190501222 0.0393131990094563 0
0.05693506117812694 0.03749309733173299 0
0.05363750379466334 0.03055974215089394 0
0.05514956488628248 0.02874928871743549 0
0.05764807692200868 0.04048485529489325 0
0.05796728996891531 0.04243302452486818 0
0.05675422446249898 0.03648818820354918 0
0.05402024398650431 0.02805735043452822 0
0.05569376945242818 0.04099286325497396 0
0.05462093107569586 0.03625997647993829 0
0.05393397865287899 0.03235176855868508 0
0.053520669565184 0.02943245448852036 0
0.05509499296670429 0.03817285577108039 0
0.05753219315710006 0.04549721847955227 0
0.05853626934747643 0.04536561978342892 0
0.05494647191950874 0.02781456218803253 0
0.05668316400609712 0.04486425658856334 0
0.05562514412613703 0.03657469057164094 0
0.05701340767498195 0.04326386220444933 0
0.0570480090242149 0.03860677000930822 0
0.05633106563457375 0.03365937910583965 0
0.05572217997167702 0.03157787144817576 0
0.05594682680718971 0.03840295672202874 0
0.05657442320426912 0.04056275000890066 0
0.05741755863837911 0.04408697393960168 0
0.05452412239111549 0.02975919506151403 0
0.05474312201452614 0.03155023113496982 0
0.05550014508732842 0.03451450397057217 0
0.05594221510514236 0.0418089041840439 0
0.054431609874215 0.03332126432947891 0
0.05433288045473255 0.02889927816947106 0
0.0570799993302266 0.0424666402029692 0
0.05558309917993076 0.03548107918890217 0
0.05757664605320443 0.04460560185562052 0
0.05686395688045911 0.0416150811915667 0
0.05602794770747217 0.03755397543921728 0
0.05664221472995791 0.03956002813921608 0
0.05460943243805786 0.03060510483494904 0
0.0554549989420109 0.03362073415285336 0
0.0548115102587858 0.03241778186728473 0
0.05855235892389665 0.04967462227123871 0
0.05897007182985178 0.05023057977507248 0
0.06079343520712278 0.04851014559686832 0
0.06039619545875152 0.05091458820301691 0
0.05891306296416275 0.04792308131013981 0
0.05743880941776607 0.04874795165740801 0
0.05975182789534168 0.04773561984063156 0
0.06101809964434126 0.05029912562742193 0
0.06055351068807806 0.04752845653627646 0
0.06125311712066871 0.04965521922389362 0
0.06001808165594072 0.05155466613597609 0
0.05806153171772465 0.04806410908016929 0
0.05726609987479173 0.04818218279130304 0
0.05950719215111758 0.05076232641112232 0
0.05953973481116046 0.04972284326995219 0
0.05992817522357832 0.04859249936751909 0
0.0590959608592197 0.04895194652300497 0
0.06039365710563793 0.04953475799885033 0
0.05806335576062675 0.04896707837909694 0
0.05996095789239525 0.05024627333041323 0
0.05320539346714501 0.0242551501778106 0
0.05255848292287566 0.02542800879123087 0
0.05220867893256784 0.02372189951711902 0
0.05512593025725013 0.02492114583463453 0
0.05359590660776652 0.0252439911441084 0
0.05230354785696375 0.0246560695535376 0
0.05422011356085758 0.02452689416414481 0
0.05697512889410607 0.05697512889410607 0
0.08044999999999999 0 0
0.05688674054645775 0.05688674054645775 0
0.08032499999999999 0 0
0.05679835219880943 0.05679835219880943 0
0.05722318664084619 0.05672598642303967 0
0.05747015494059819 0.05647576397096047 0
0.0577160290914415 0.05622446630174338 0
0.05796080441228679 0.05597209819973373 0
0.05820447624296476 0.05571866446965639 0
0.05844703994431507 0.05546416993652423 0
0.05868849089827437 0.05520861944554641 0
0.05892882450796462 0.05495201786203584 0
0.05916803619778036 0.05469437007131678 0
0.05940612141347573 0.05443568097863184 0
0.05964307562225146 0.05417595550904841 0
0.05987889431284104 0.05391519860736499 0
0.06011357299559642 0.05365341523801723 0
0.06034710720257382 0.05339061038498307 0
0.06057949248761856 0.05312678905168809 0
0.06081072442644984 0.05286195626091013 0
0.06104079861674477 0.05259611705468388 0
0.06126971067822245 0.05232927649420459 0
0.06149745625272725 0.05206143965973181 0
0.06172403100431163 0.05179261165049293 0
0.06194943061931896 0.05152279758458565 0
0.06217365080646554 0.05125200259888082 0
0.06239668729692209 0.05098023184892474 0
0.0626185358443954 0.05070749050884068 0
0.06283919222520891 0.0504337837712306 0
0.06305865223838324 0.0501591168470762 0
0.06327691170571599 0.04988349496563989 0
0.06349396647186159 0.04960692337436496 0
0.06370981240441016 0.04932940733877575 0
0.06392444539396624 0.04905095214237768 0
0.06413786135422714 0.04877156308655625 0
0.06435005622206061 0.04849124549047629 0
0.06456102595758219 0.04821000469098087 0
0.06477076654423225 0.04792784604248936 0
0.06497927398885241 0.04764477491689564 0
0.06518654432176138 0.04736079670346604 0
0.06539257359683083 0.04707591680873631 0
0.06559735789156038 0.04679014065640901 0
0.06580089330715226 0.04650347368725011 0
0.06600317596858549 0.04621592135898557 0
0.0662042020246898 0.04592748914619716 0
0.0664039676482189 0.04563818254021841 0
0.06660246903592321 0.04534800704903017 0
0.06679970240862246 0.04505696819715546 0
0.06699566401127757 0.04476507152555444 0
0.06719035011306206 0.0444723225915191 0
0.0673837570074332 0.0441787269685671 0
0.06757588101220251 0.04388429024633586 0
0.0677667184696059 0.04358901803047611 0
0.06795626574637324 0.04329291594254536 0
0.06814451923379761 0.04299598961990045 0
0.06833147534780401 0.04269824471559049 0
0.06851713052901745 0.04239968689824942 0
0.06870148124283094 0.04210032185198762 0
0.06888452397947267 0.04180015527628402 0
0.06906625525407267 0.04149919288587764 0
0.06924667160672952 0.04119744041065851 0
0.06942576960257589 0.04089490359555879 0
0.06960354583184417 0.0405915882004433 0
0.06977999690993111 0.04028750000000003 0
0.06995511947746261 0.03998264478362995 0
0.0701289102003574 0.03967702835533687 0
0.0703013657698906 0.03937065653361718 0
0.07047248290275678 0.03906353515134865 0
0.07064225834113243 0.03875567005567966 0
0.07081068885273784 0.03844706710791797 0
0.07097777123089891 0.0381377321834188 0
0.071143502294608 0.03782767117147321 0
0.07130787888858459 0.03751688997519587 0
0.07147089788333519 0.03720539451141289 0
0.07163255617521318 0.03689319071054885 0
0.07179285068647773 0.036580284516514 0
0.07195177836535234 0.03626668188659136 0
0.07210933618608313 0.0359523887913229 0
0.07226552114899636 0.03563741121439604 0
0.07242033028055536 0.03532175515252994 0
0.07257376063341749 0.03500542661536096 0
0.07272580928648997 0.03468843162532845 0
0.07287647334498569 0.03437077621756003 0
0.07302574994047804 0.0340524664397569 0
0.07317363623095589 0.03373350835207833 0
0.07332012940087745 0.03341390802702648 0
0.07346522666122389 0.03309367154933097 0
0.07360892524955254 0.03277280501583266 0
0.07375122243004945 0.03245131453536777 0
0.07389211549358135 0.03212920622865174 0
0.07403160175774745 0.03180648622816239 0
0.07416967856693034 0.03148316067802331 0
0.07430634329234664 0.03115923573388685 0
0.07444159333209691 0.03083471756281716 0
0.07457542611121538 0.03050961234317236 0
0.07470783908171888 0.03018392626448713 0
0.07483882972265528 0.0298576655273551 0
0.0749683955401516 0.02953083634331032 0
0.07509653406746147 0.02920344493470927 0
0.075223242865012 0.02887549753461261 0
0.07534851952045037 0.02854700038666601 0
0.07547236164868963 0.0282179597449816 0
0.07559476689195414 0.02788838187401903 0
0.07571573291982454 0.02755827304846581 0
0.07583525742928203 0.02722763955311815 0
0.07595333814475226 0.02689648768276112 0
0.07606997281814856 0.02656482374204914 0
0.07618515922891492 0.02623265404538547 0
0.07629889518406813 0.02589998491680227 0
0.07641117851823949 0.02556682268984034 0
0.0765220070937162 0.02523317370742818 0
0.07663137880048199 0.0248990443217614 0
0.07673929155625714 0.02456444089418201 0
0.07684574330653836 0.02422936979505686 0
0.07695073202463781 0.02389383740365664 0
0.07705425571172156 0.02355785010803454 0
0.07715631239684789 0.0232214143049043 0
0.07725690013700465 0.02288453639951857 0
0.07735601701714619 0.02254722280554721 0
0.07745366115023002 0.02220947994495475 0
0.0775498306772526 0.02187131424787843 0
0.07764452376728478 0.02153273215250557 0
0.07773773861750659 0.02119374010495136 0
0.07782947345324165 0.02085434455913568 0
0.07791972652799095 0.0205145519766604 0
0.07800849612346601 0.02017436882668665 0
0.07809578054962171 0.01983380158581117 0
0.07818157814468842 0.01949285673794324 0
0.07826588727520352 0.01915154077418143 0
0.07834870633604277 0.01880986019268963 0
0.07843003375045063 0.01846782149857353 0
0.07850986797007031 0.01812543120375695 0
0.07858820747497339 0.0177826958268575 0
0.07866505077368861 0.01743962189306271 0
0.07874039640323034 0.01709621593400568 0
0.07881424292912638 0.016752484487641 0
0.07888658894544533 0.01640843409811986 0
0.07895743307482334 0.01606407131566568 0
0.07902677396849028 0.01571940269644957 0
0.07909461030629551 0.01537443480246515 0
0.07916094079673294 0.0150291742014038 0
0.07922576417696563 0.01468362746652981 0
0.07928907921284988 0.01433780117655485 0
0.07935088469895865 0.01399170191551291 0
0.0794111794586046 0.01364533627263518 0
0.0794699623438624 0.01329871084222415 0
0.07952723223559068 0.01295183222352835 0
0.07958298804345321 0.01260470702061662 0
0.07963722870593981 0.01225734184225258 0
0.07968995319038644 0.01190974330176844 0
0.07974116049299493 0.01156191801693928 0
0.07979084963885201 0.01121387260985731 0
0.07983901968194802 0.01086561370680529 0
0.07988566970519477 0.01051714793813066 0
0.07993079882044303 0.01016848193811951 0
0.07997440616849952 0.009819622344869808 0
0.08001649091914317 0.009470575800165269 0
0.08005705227114103 0.009121348949349108 0
0.08009608945226339 0.008771948441197091 0
0.08013360171929862 0.008422380927791174 0
0.0801695883580672 0.008072653064393063 0
0.08020404868343542 0.007722771509317087 0
0.08023698203932836 0.007372742923803708 0
0.08026838779874239 0.007022573971892569 0
0.08029826536375712 0.006672271320295898 0
0.08032661416554678 0.006321841638271161 0
0.08035343366439106 0.005971291597494299 0
0.08037872334968534 0.005620627871932923 0
0.08040248273995047 0.005269857137718826 0
0.08042471138284192 0.004918986073021092 0
0.08044540885515837 0.004568021357919164 0
0.08046457476284978 0.004216969674275243 0
0.08048220874102489 0.003865837705607282 0
0.08049831045395818 0.003514632136961964 0
0.08051287959509625 0.00316335965478699 0
0.08052591588706362 0.002812026946804075 0
0.08053741908166813 0.002460640701881471 0
0.08054738895990551 0.002109207609906911 0
0.08055582533196368 0.001757734361659816 0
0.08056272803722622 0.001406227648684123 0
0.08056809694427561 0.001054694163161104 0
0.0805719319508956 0.0007031405977815273 0
0.08057423298407318 0.0003515736456184528 0
0.08044923417398309 0.0003510282319578656 0
0.08044693671051258 0.0007020497808441651 0
0.08044310765332886 0.001053057963714656 0
0.08043774707533168 0.001404046097879433 0
0.08043085507857868 0.00175500750103043 0
0.08042243179428357 0.002105935491368397 0
0.08041247738281355 0.002456823387730213 0
0.08040099203368625 0.002807664509716197 0
0.08038797596556616 0.003158452177817041 0
0.08037342942626045 0.003509179713541267 0
0.08035735269271428 0.00385984043954212 0
0.08033974607100546 0.004210427679744809 0
0.0803206098963387 0.004560934759473712 0
0.08029994453303919 0.004911355005579205 0
0.08027775037454564 0.005261681746564994 0
0.08025402784340285 0.005611908312714878 0
0.08022877739125361 0.005962028036219845 0
0.08020199949883014 0.006312034251305115 0
0.0801736946759449 0.006661920294356808 0
0.08014386346148092 0.007011679504049081 0
0.08011250642338154 0.007361305221470718 0
0.08007962415863953 0.007710790790251993 0
0.08004521729328584 0.008060129556691524 0
0.0800092864823776 0.008409314869882688 0
0.07997183240998561 0.008758340081840529 0
0.07993285578918145 0.009107198547628089 0
0.07989235736202381 0.009455883625483009 0
0.07985033789954436 0.0098043886769441 0
0.07980679820173307 0.01015270706697747 0
0.07976173909752304 0.01050083216410313 0
0.07971516144477467 0.01084875734052101 0
0.07966706613025933 0.01119647597223723 0
0.07961745406964246 0.01154398143919036 0
0.07956632620746622 0.01189126712537714 0
0.07951368351713135 0.01223832641897877 0
0.07945952700087883 0.01258515271248656 0
0.07940385768977065 0.01293173940282778 0
0.07934667664367026 0.0132780798914915 0
0.07928798495122236 0.01362416758465399 0
0.07922778372983214 0.01396999589330452 0
0.0791660741256441 0.01431555823337056 0
0.07910285731352014 0.01466084802584323 0
0.07903813449701726 0.01500585869690268 0
0.07897190690836457 0.01535058367804299 0
0.07890417580843989 0.01569501640619749 0
0.07883494248674575 0.0160391503238635 0
0.07876420826138478 0.01638297887922724 0
0.07869197447903466 0.01672649552628871 0
0.07861824251492251 0.01706969372498606 0
0.07854301377279864 0.01741256694132035 0
0.07846628968490985 0.01775510864747975 0
0.07838807171197218 0.0180973123219639 0
0.07830836134314308 0.0184391714497082 0
0.07822716009599309 0.01878067952220755 0
0.07814446951647688 0.01912183003764059 0
0.07806029117890391 0.01946261650099325 0
0.07797462668590839 0.01980303242418245 0
0.07788747766841878 0.02014307132617979 0
0.07779884578562672 0.02048272673313468 0
0.07770873272495554 0.02082199217849776 0
0.07761714020202801 0.02116086120314405 0
0.07752406996063373 0.02149932735549572 0
0.07742952377269592 0.0218373841916452 0
0.07733350343823775 0.02217502527547757 0
0.07723601078534796 0.02251224417879328 0
0.07713704767014613 0.02284903448143055 0
0.07703661597674734 0.02318538977138744 0
0.0769347176172262 0.02352130364494414 0
0.07683135453158067 0.02385676970678463 0
0.07672652868769486 0.02419178157011874 0
0.07662024208130175 0.02452633285680344 0
0.07651249673594511 0.02486041719746447 0
0.07640329470294101 0.02519402823161762 0
0.07629263806133874 0.02552715960778964 0
0.07618052891788125 0.02585980498363931 0
0.07606696940696504 0.02619195802607823 0
0.07595196169059951 0.02652361241139119 0
0.07583550795836576 0.02685476182535684 0
0.07571761042737503 0.0271853999633676 0
0.07559827134222634 0.02751552053055 0
0.07547749297496385 0.02784511724188428 0
0.07535527762503359 0.02817418382232411 0
0.07523162761923964 0.0285027140069162 0
0.07510654531169988 0.02883070154091938 0
0.07498003308380115 0.02915814017992376 0
0.07485209334415388 0.02948502368996968 0
0.07472272852854632 0.02981134584766627 0
0.07459194109989806 0.03013710044031008 0
0.07445973354821322 0.03046228126600321 0
0.07432610839053302 0.03078688213377143 0
0.07419106817088786 0.03111089686368218 0
0.07405461546024884 0.03143431928696202 0
0.07391675285647888 0.03175714324611426 0
0.07377748298428323 0.03207936259503603 0
0.07363680849515954 0.03240097119913536 0
0.07349473206734725 0.03272196293544809 0
0.07335125640577678 0.03304233169275422 0
0.07320638424201792 0.03336207137169439 0
0.07306011833422781 0.03368117588488606 0
0.0729124614670985 0.03399963915703925 0
0.07276341645180391 0.03431745512507229 0
0.07261298612594629 0.03463461773822732 0
0.0724611733535022 0.03495112095818531 0
0.07230798102476799 0.03526695875918125 0
0.07215341205630478 0.03558212512811863 0
0.07199746939088292 0.03589661406468408 0
0.07184015599742598 0.03621041958146162 0
0.07168147487095419 0.03652353570404653 0
0.07152142903252751 0.03683595647115914 0
0.07136002152918794 0.03714767593475846 0
0.07119725543390171 0.03745868816015521 0
0.07103313384550068 0.03776898722612489 0
0.07086765988862327 0.03807856722502063 0
0.07070083671365511 0.0383874222628855 0
0.07053266749666899 0.03869554645956472 0
0.07036315543936439 0.03900293394881781 0
0.07019230376900654 0.03930957887843 0
0.07002011573836493 0.03961547541032391 0
0.06984659462565149 0.03992061772067049 0
0.0696717437344581 0.04022499999999998 0
0.06949556639369364 0.04052861645331258 0
0.06931806595752074 0.04083146130018865 0
0.06913924580529188 0.04113352877489882 0
0.06895910934148493 0.04143481312651386 0
0.06877765999563853 0.04173530861901396 0
0.06859490122228672 0.04203500953139807 0
0.06841083650089302 0.04233391015779291 0
0.06822546933578445 0.04263200480756135 0
0.06803880325608465 0.04292928780541094 0
0.06785084181564664 0.04322575349150198 0
0.06766158859298538 0.0435213962215551 0
0.06747104719120936 0.04381621036695892 0
0.06727922123795224 0.04411019031487708 0
0.06708611438530368 0.04440333046835507 0
0.06689173030973976 0.044695625246427 0
0.06669607271205308 0.04498706908422159 0
0.06649914531728232 0.04527765643306826 0
0.06630095187464115 0.04556738176060281 0
0.06610149615744705 0.0458562395508726 0
0.06590078196304938 0.04614422430444166 0
0.06569881311275705 0.04643133053849546 0
0.06549559345176588 0.0467175527869451 0
0.06529112684908522 0.0470028856005316 0
0.0650854171974645 0.04728732354692948 0
0.06487846841331897 0.0475708612108502 0
0.06467028443665512 0.04785349319414542 0
0.06446086923099581 0.04813521411590954 0
0.06425022678330471 0.04841601861258229 0
0.06403836110391033 0.04869590133805086 0
0.06382527622642985 0.0489748569637516 0
0.06361097620769218 0.04925288017877145 0
0.06339546512766077 0.04952996568994922 0
0.0631787470893559 0.04980610822197618 0
0.06296082621877669 0.05008130251749651 0
0.06274170666482232 0.05035554333720758 0
0.0625213925992133 0.05062882545995943 0
0.06229988821641182 0.05090114368285443 0
0.06207719773354204 0.05117249282134613 0
0.0618533253903098 0.05144286770933805 0
0.06162827544892176 0.05171226319928211 0
0.06140205219400441 0.05198067416227647 0
0.06117465993252247 0.05224809548816329 0
0.06094610299369676 0.05251452208562604 0
0.06071638572892197 0.05277994888228634 0
0.06048551251168371 0.05304437082480056 0
0.06025348773747519 0.05330778287895611 0
0.06002031582371371 0.05357018002976714 0
0.05978600120965633 0.05383155728157017 0
0.0595505483563156 0.05409190965811907 0
0.05931396174637446 0.05435123220267988 0
0.05907624588410087 0.05460951997812519 0
0.05883740529526222 0.05486676806702805 0
0.05859744452703908 0.05512297157175561 0
0.0583563681479385 0.05537812561456253 0
0.05811418074770729 0.05563222533768361 0
0.05787088693724445 0.05588526590342635 0
0.05762649134851339 0.0561372424942632 0
0.05738099863445386 0.05638815031292305 0
0.05713441346889327 0.05663798458248268 0
0.08032423536389299 0.0003504828182972723 0
0.08032194147012955 0.0007009589639068684 0
0.0803181183623821 0.001051421764268238 0
0.08031276611343713 0.001401864547074772 0
0.0803058848251937 0.00175228064040111 0
0.08029747462866163 0.002102663372829913 0
0.08028753568395897 0.002453006073578985 0
0.08027606818030886 0.002803302072628384 0
0.08026307233603606 0.003153544700847194 0
0.08024854839856273 0.0035037272901206 0
0.08023249664440366 0.003853843173476952 0
0.08021491737916114 0.004203885685214442 0
0.08019581093751904 0.00455384816102829 0
0.08017517768323645 0.004903723938137383 0
0.08015301800914082 0.005253506355411225 0
0.08012933233712037 0.005603188753496862 0
0.08010412111811618 0.00595276447494542 0
0.08007738483211349 0.006302226864339134 0
0.08004912398813269 0.006651569268417817 0
0.08001933912421945 0.007000785036205623 0
0.0799880308074347 0.007349867519137792 0
0.07995519963384362 0.007698810071187001 0
0.07992084622850448 0.008047606048990016 0
0.07988497124545654 0.008396248811974266 0
0.07984757536770781 0.008744731722484033 0
0.07980865930722188 0.0090930481459071 0
0.07976822380490445 0.009441191450800817 0
0.07972626963058919 0.009789155009018457 0
0.0796827975830231 0.01013693219583552 0
0.07963780848985132 0.01048451639007562 0
0.07959130320760131 0.01083190097423679 0
0.07954328262166663 0.01117907933461726 0
0.07949374764629001 0.01152604486144146 0
0.07944269922454596 0.01187279094898597 0
0.07939013832832287 0.01221931099570507 0
0.07933606595830443 0.01256559840435653 0
0.07928048314395063 0.01291164658212733 0
0.07922339094347811 0.01325744894075891 0
0.07916479044384009 0.0136029988966729 0
0.07910468276070561 0.01394828987109619 0
0.0790430690384383 0.01429331529018633 0
0.07897995045007465 0.01463806858515674 0
0.07891532819730157 0.01498254319240159 0
0.0788492035104336 0.01532673255362095 0
0.07878157764838947 0.01567063011594551 0
0.07871245189866814 0.01601422933206135 0
0.07864182757732419 0.01635752366033475 0
0.07856970602894293 0.0167005065649365 0
0.07849608862661467 0.01704317151596654 0
0.07842097677190864 0.01738551198957812 0
0.07834437189484628 0.01772752146810206 0
0.07826627545387402 0.01806919344017095 0
0.07818668893583552 0.01841052140084293 0
0.07810561385594338 0.01875149885172559 0
0.07802305175775022 0.01909211930109985 0
0.07793900421311942 0.01943237626404329 0
0.07785347282219504 0.01977226326255386 0
0.0777664592133715 0.02011177382567302 0
0.07767796504326248 0.02045090148960899 0
0.07758799199666941 0.02078963979785998 0
0.0774965417865494 0.02112798230133684 0
0.07740361615398264 0.02146592255848597 0
0.07730921686813921 0.02180345413541209 0
0.07721334572624546 0.02214057060600044 0
0.07711600455354972 0.02247726555203943 0
0.07701719520328761 0.02281353256334259 0
0.07691691955664672 0.02314936523787071 0
0.07681517952273081 0.02348475718185383 0
0.0767119770385235 0.02381970200991275 0
0.07660731406885132 0.02415419334518073 0
0.07650119260634633 0.02448822481942498 0
0.07639361467140821 0.02482179007316764 0
0.07628458231216577 0.02515488275580718 0
0.07617409760443794 0.02548749652573904 0
0.07606216265169435 0.02581962505047645 0
0.07594877958501511 0.02615126200677111 0
0.07583395056305038 0.02648240108073341 0
0.07571767777197923 0.02681303596795265 0
0.07559996342546796 0.02714316037361725 0
0.07548080976462809 0.02747276801263433 0
0.07536021905797353 0.02780185260974963 0
0.07523819360137753 0.02813040789966674 0
0.07511473571802889 0.02845842762716652 0
0.07498984775838773 0.02878590554722625 0
0.07486353210014077 0.02911283542513836 0
0.07473579114815611 0.02943921103662918 0
0.07460662733443731 0.02976502616797761 0
0.07447604311807719 0.03009027461613313 0
0.07434404098521101 0.03041495018883419 0
0.07421062344896909 0.03073904670472586 0
0.07407579304942903 0.03106255799347762 0
0.07393955235356726 0.03138547789590092 0
0.07380190395521025 0.03170780026406629 0
0.07366285047498508 0.03202951896142041 0
0.07352239456026957 0.03235062786290309 0
0.07338053888514191 0.03267112085506365 0
0.07323728615032962 0.03299099183617758 0
0.07309263908315831 0.03331023471636242 0
0.07294660043749965 0.03362884341769392 0
0.07279917299371889 0.0339468118743217 0
0.07265035955862209 0.03426413403258467 0
0.07250016296540254 0.03458080385112632 0
0.07234858607358685 0.03489681530100982 0
0.07219563176898058 0.03521216236583265 0
0.07204130296361318 0.03552683904184129 0
0.07188560259568265 0.03584083933804542 0
0.07172853362949957 0.03615415727633197 0
0.07157009905543063 0.03646678689157912 0
0.07141030188984175 0.03677872223176958 0
0.07124914517504065 0.03708995735810412 0
0.07108663197921881 0.0374004863451146 0
0.07092276539639329 0.03771030328077668 0
0.07075754854634758 0.03801940226662257 0
0.07059098457457234 0.03832777741785307 0
0.07042307665220554 0.03863542286344982 0
0.07025382797597195 0.03894233274628704 0
0.0700832417681224 0.03924850122324294 0
0.06991132127637242 0.03955392246531101 0
0.06973806977384032 0.03985859065771113 0
0.06956349055898503 0.0401625 0
0.06938758695554306 0.04046564470618191 0
0.06921036231246552 0.0407680190048186 0
0.06903182000385417 0.04106961713913922 0
0.06885196342889716 0.04137043336715013 0
0.0686707960118044 0.04167046196174392 0
0.06848832120174243 0.04196969721080861 0
0.06830454247276856 0.04226813341733645 0
0.06811946332376488 0.04256576489953223 0
0.06793308727837163 0.04286258599092151 0
0.06774541788492001 0.04315859104045866 0
0.06755645871636481 0.04345377441263413 0
0.06736621337021616 0.04374813048758208 0
0.06717468546847125 0.04404165366118711 0
0.06698187865754526 0.04433433834519109 0
0.06678779660820192 0.04462617896729958 0
0.06659244301548368 0.04491716997128779 0
0.06639582159864141 0.04520730581710641 0
0.06619793610106338 0.04549658098098723 0
0.06599879029020428 0.04578498995554806 0
0.06579838795751324 0.04607252724989781 0
0.06559673291836182 0.04635918738974083 0
0.06539382901197131 0.04664496491748126 0
0.06518968010133958 0.04692985439232695 0
0.06498429007316761 0.04721385039039295 0
0.06477766283778551 0.04749694750480479 0
0.06456980232907794 0.04777914034580152 0
0.06436071250440943 0.04806042354083821 0
0.06415039734454876 0.04834079173468831 0
0.06393886085359347 0.04862023958954553 0
0.06372610705889344 0.04889876178512551 0
0.06351214001097417 0.04917635301876717 0
0.06329696378345989 0.04945300800553355 0
0.06308058247299581 0.04972872147831245 0
0.06286300019917011 0.05000348818791683 0
0.0626442211044357 0.05027730290318457 0
0.06242424935403115 0.05055016041107823 0
0.06220308913590152 0.05082205551678415 0
0.06198074466061858 0.05109298304381141 0
0.0617572201613006 0.0513629378340905 0
0.06153251989353186 0.05163191474807131 0
0.0613066481352816 0.0518999086648211 0
0.06107960918682245 0.05216691448212205 0
0.06085140737064875 0.0524329271165682 0
0.06062204703139412 0.05269794150366253 0
0.06039153253574881 0.05296195259791308 0
0.06015986827237656 0.05322495537292914 0
0.05992705865183097 0.05348694482151706 0
0.05969310810647165 0.05374791595577533 0
0.05945802109037975 0.05400786380718974 0
0.05922180207927317 0.05426678342672795 0
0.05898445557042141 0.05452466988493357 0
0.05874598608255983 0.05478151827202023 0
0.05850639815580375 0.05503732369796484 0
0.05826569635156197 0.05529208129260081 0
0.05802388525244982 0.05554578620571083 0
0.0577809694622021 0.055798433607119 0
0.05753695360558531 0.05605001868678299 0
0.05729184232830958 0.05630053665488556 0
0.05704564029694034 0.05654998274192571 0

CELLS 2833 13378
1 0
3 40 41 163
3 249 346 248
3 866 868 679
3 537 661 643
3 471 572 422
3 713 796 691
3 834 852 750
3 266 377 265
3 265 378 264
3 876 879 810
3 451 515 298
3 223 382 16
3 745 824 781
3 124 464 125
3 405 413 280
3 204 579 295
3 716 761 751
3 540 628 528
3 689 740 723
3 810 877 872
3 750 861 679
3 578 662 441
3 862 868 847
3 613 866 519
3 477 544 276
3 851 855 833
3 525 652 615
3 13 508 155
3 512 663 594
3 738 797 762
3 19 391 166
3 152 11 12
3 400 429 304
3 413 653 514
3 318 386 382
3 389 440 315
3 151 299 150
3 201 312 202
3 775 828 816
3 674 867 522
3 337 478 328
3 396 668 439
3 510 524 458
3 519 877 623
3 459 508 347
3 707 718 662
3 556 665 648
3 718 761 653
3 692 790 733
3 648 673 605
3 543 656 530
3 292 463 376
3 704 736 602
3 584 651 618
3 765 804 682
3 601 822 706
3 791 820 728
3 449 565 532
3 277 574 393
3 683 732 713
3 514 716 607
3 479 559 356
3 334 443 335
3 674 860 851
3 594 713 646
3 591 665 592
3 734 798 765
3 15 389 172
3 575 646 531
3 492 551 320
3 457 566 306
3 487 550 368
3 481 549 331
3 426 573 470
3 364 491 417
3 370 483 414
3 358 484 418
3 270 385 269
3 251 388 250
3 271 329 270
3 250 322 249
3 853 857 809
3 644 842 826
3 273 420 375
3 263 382 262
3 582 650 599
3 268 347 267
3 585 634 595
3 301 545 507
3 456 570 313
3 615 715 696
3 284 423 392
3 721 768 686
3 450 499 346
3 437 589 555
3 767 790 711
3 462 474 435
3 206 350 207
3 289 664 456
3 873 874 776
3 207 396 208
3 211 395 212
3 215 394 216
3 221 318 222
3 218 397 219
3 190 404 191
3 194 401 195
3 186 403 187
3 183 405 184
3 198 407 199
3 11 326 182
3 202 589 10
3 153 345 152
3 875 878 735
3 109 348 110
3 134 349 135
3 117 376 118
3 122 375 123
3 439 766 613
3 108 348 109
3 348 108 3
3 129 309 130
3 309 129 128
3 316 112 111
3 112 316 113
3 330 132 131
3 132 330 133
3 120 273 121
3 273 120 119
3 275 126 125
3 126 275 127
3 115 292 116
3 292 115 114
3 1064 1065 1184
3 249 1343 248
3 1863 1865 1676
3 1534 1658 1640
3 1468 1569 1419
3 1710 1793 1688
3 1831 1849 1747
3 266 1374 265
3 265 1375 264
3 1873 1876 1807
3 1448 1512 1295
3 1244 1379 1040
3 1742 1821 1778
3 1148 1461 1149
3 1402 1410 1277
3 1225 1576 1292
3 1713 1758 1748
3 1537 1625 1525
3 1686 1737 1720
3 1807 1874 1869
3 1747 1858 1676
3 1575 1659 1438
3 1859 1865 1844
3 1610 1863 1516
3 1474 1541 1273
3 1848 1852 1830
3 1522 1649 1612
3 1037 1505 1176
3 1509 1660 1591
3 1735 1794 1759
3 1043 1388 1187
3 1173 1035 1036
3 1397 1426 1301
3 1410 1650 1511
3 1315 1383 1379
3 1386 1437 1312
3 1172 1296 1171
3 1222 1309 1223
3 1772 1825 1813
3 1671 1864 1519
3 1334 1475 1325
3 1393 1665 1436
3 1507 1521 1455
3 1516 1874 1620
3 1456 1505 1344
3 1704 1715 1659
3 1553 1662 1645
3 1715 1758 1650
3 1689 1787 1730
3 1645 1670 1602
3 1540 1653 1527
3 1289 1460 1373
3 1701 1733 1599
3 1581 1648 1615
3 1762 1801 1679
3 1598 1819 1703
3 1788 1817 1725
3 1446 1562 1529
3 1274 1571 1390
3 1680 1729 1710
3 1511 1713 1604
3 1476 1556 1353
3 1331 1440 1332
3 1671 1857 1848
3 1591 1710 1643
3 1588 1662 1589
3 1731 1795 1762
3 1039 1386 1193
3 1572 1643 1528
3 1489 1548 1317
3 1454 1563 1303
3 1484 1547 1365
3 1478 1546 1328
3 1423 1570 1467
3 1361 1488 1414
3 1367 1480 1411
3 1355 1481 1415
3 270 1382 269
3 251 1385 250
3 271 1326 270
3 250 1319 249
3 1850 1854 1806
3 1641 1839 1823
3 1270 1417 1372
3 263 1379 262
3 1579 1647 1596
3 268 1344 267
3 1582 1631 1592
3 1298 1542 1504
3 1453 1567 1310
3 1612 1712 1693
3 1281 1420 1389
3 1718 1765 1683
3 1447 1496 1343
3 1434 1586 1552
3 1764 1787 1708
3 1459 1471 1432
3 1227 1347 1228
3 1286 1661 1453
3 1870 1871 1773
3 1228 1393 1229
3 1232 1392 1233
3 1236 1391 1237
3 1242 1315 1243
3 1239 1394 1240
3 1211 1401 1212
3 1215 1398 1216
3 1207 1400 1208
3 1204 1402 1205
3 1219 1404 1220
3 1035 1323 1203
3 1223 1586 1034
3 1174 1342 1173
3 1872 1875 1732
3 1133 1345 1134
3 1158 1346 1159
3 1141 1373 1142
3 1146 1372 1147
3 1436 1763 1610
3 1132 1345 1133
3 1345 1132 1029
3 1153 1306 1154
3 1306 1153 1152
3 1313 1136 1135
3 1136 1313 1137
3 1327 1156 1155
3 1156 1327 1157
3 1144 1270 1145
3 1270 1144 1143
3 1272 1150 1149
3 1150 1272 1151
3 1139 1289 1140
3 1289 1139 1138
4 237 236 341 342
4 236 235 323 341
4 215 214 393 394
4 350 206 205 338
4 395 211 210 392
4 214 213 277 393
4 345 153 154 324
4 246 245 327 374
4 319 220 219 397
4 210 209 284 392
4 284 209 208 396
4 435 397 297 552
4 297 394 436 552
4 698 597 725 783
4 226 225 317 343
4 64 65 358 366
4 58 59 370 352
4 75 76 373 355
4 303 101 102 364
4 367 72 73 276
4 361 96 97 288
4 357 67 68 278
4 360 61 62 285
4 365 80 81 274
4 362 104 105 305
4 705 637 688 751
4 699 744 629 516
4 700 746 630 517
4 783 725 805 836
4 518 625 445 291
4 533 626 447 307
4 240 447 340 241
4 244 445 327 245
4 242 446 291 243
4 238 448 307 239
4 228 227 444 283
4 605 703 529 408
4 327 445 625 553
4 340 447 626 523
4 588 342 341 438
4 340 446 242 241
4 291 445 244 243
4 342 448 238 237
4 307 447 240 239
4 343 444 227 226
4 444 547 410 283
4 697 638 753 803
4 291 446 632 518
4 553 431 374 327
4 517 618 671 700
4 516 612 672 699
4 339 283 410 540
4 409 638 697 551
4 739 778 700 671
4 729 780 699 672
4 625 688 637 553
4 603 627 410 547
4 416 597 698 549
4 631 704 558 417
4 230 229 339 442
4 523 632 446 340
4 703 605 673 737
4 343 527 547 444
4 292 316 567 463
4 581 309 275 434
4 348 466 567 316
4 283 339 229 228
4 344 556 408 279
4 561 414 630 693
4 560 418 629 694
4 708 620 545 611
4 751 688 721 748
4 279 147 148 344
4 279 453 146 147
4 527 620 603 547
4 527 343 317 443
4 793 789 811 823
4 625 518 721 688
4 449 532 631 417
4 454 516 629 418
4 455 517 630 414
4 690 600 467 762
4 739 671 731 788
4 559 602 687 635
4 412 598 689 550
4 757 708 712 742
4 435 552 543 462
4 205 204 295 338
4 812 753 677 771
4 618 694 731 671
4 43 18 162 42
4 436 394 393 574
4 600 690 734 765
4 817 774 834 846
4 286 480 650 582
4 423 519 623 419
4 285 496 651 584
4 319 397 435 474
4 774 817 752 670
4 843 807 829 844
4 807 770 814 829
4 768 721 518 632
4 670 752 633 596
4 778 798 746 700
4 681 741 636 599
4 495 331 549 619
4 808 773 740 727
4 761 722 705 751
4 677 753 638 595
4 506 368 550 641
4 486 320 551 649
4 701 784 727 598
4 2 248 346 107
4 848 852 813 840
4 669 757 742 785
4 789 770 807 811
4 544 430 633 701
4 784 838 808 727
4 164 165 38 39
4 835 849 613 766
4 576 476 514 607
4 8 9 10 325
4 805 725 794 815
4 577 718 653 413
4 784 752 817 838
4 569 634 502 332
4 559 635 504 356
4 701 633 752 784
4 773 808 847 830
4 838 862 847 808
4 644 728 706 590
4 433 298 515 645
4 553 637 642 431
4 747 698 783 814
4 838 817 846 862
4 614 535 659 710
4 726 786 685 714
4 619 549 698 747
4 453 279 408 529
4 613 519 423 439
4 840 813 754 803
4 687 602 736 775
4 649 551 697 717
4 669 785 799 756
4 786 726 819 839
4 523 626 614 710
4 839 819 850 864
4 832 850 819 772
4 295 658 564 338
4 419 623 655 574
4 534 842 644 590
4 452 149 150 299
4 533 524 614 626
4 848 856 871 858
4 740 773 729 672
4 474 386 318 319
4 812 771 831 856
4 637 705 548 642
4 225 224 381 317
4 772 819 726 760
4 773 830 806 729
4 844 860 845 843
4 535 424 576 659
4 822 601 835 766
4 84 488 332 83
4 95 481 331 94
4 60 483 370 59
4 57 480 286 56
4 100 479 356 99
4 77 486 373 76
4 71 487 368 70
4 103 491 364 102
4 74 477 276 73
4 45 478 337 44
4 66 484 358 65
4 502 634 585 274
4 504 635 586 288
4 744 731 694 629
4 605 408 556 648
4 524 510 535 614
4 79 492 320 78
4 63 496 285 62
4 106 499 305 105
4 677 595 616 743
4 82 502 274 81
4 98 504 288 97
4 69 506 278 68
4 810 879 676 877
4 672 612 723 740
4 706 728 801 601
4 717 697 803 754
4 712 657 520 755
4 627 628 540 410
4 486 649 583 373
4 600 765 682 425
4 753 812 840 803
4 506 641 587 278
4 825 820 788 779
4 856 831 863 871
4 362 305 565 449
4 541 662 578 459
4 558 303 364 417
4 560 366 358 418
4 561 352 370 414
4 585 595 638 409
4 450 322 470 565
4 674 851 730 867
4 794 775 816 815
4 338 564 534 350
4 734 758 746 798
4 583 596 633 430
4 780 779 744 699
4 659 576 607 686
4 837 815 816 781
4 836 829 814 783
4 791 728 644 826
4 754 813 774 670
4 681 599 693 758
4 857 841 782 865
4 665 452 299 592
4 839 864 854 821
4 570 437 460 313
4 813 852 834 774
4 821 743 786 839
4 802 681 758 734
4 831 771 821 854
4 476 280 413 514
4 858 871 810 872
4 833 837 730 851
4 815 837 833 805
4 276 544 412 367
4 421 465 379 296
4 745 781 732 683
4 164 39 40 163
4 541 422 572 624
4 743 616 685 786
4 603 620 708 757
4 530 702 647 511
4 678 759 797 738
4 598 412 544 701
4 746 758 693 630
4 658 542 738 762
4 548 420 463 642
4 757 669 627 603
4 396 207 350 668
4 570 468 325 437
4 320 486 77 78
4 360 483 60 61
4 303 479 100 101
4 352 480 57 58
4 365 492 79 80
4 366 496 63 64
4 357 484 66 67
4 355 477 74 75
4 362 491 103 104
4 361 481 95 96
4 367 487 71 72
4 346 499 106 107
4 485 611 545 301
4 702 655 676 735
4 368 506 69 70
4 331 495 93 94
4 332 502 82 83
4 356 504 98 99
4 861 872 877 519
4 555 323 460 437
4 687 775 794 763
4 863 831 854 873
4 401 458 429 400
4 591 692 648 665
4 542 658 295 579
4 860 844 855 851
4 16 382 263 14
4 812 856 848 840
4 443 545 620 527
4 402 188 187 403
4 287 189 188 402
4 400 196 195 401
4 293 193 192 399
4 304 197 196 400
4 280 185 184 405
4 399 192 191 404
4 406 200 199 407
4 312 201 200 406
4 457 170 171 315
4 705 722 661 548
4 833 855 836 805
4 413 405 326 577
4 41 42 162 163
4 799 733 790 767
4 702 530 656 655
4 169 306 451 168
4 450 346 249 322
4 602 559 558 704
4 433 203 17 298
4 610 769 759 678
4 691 606 646 713
4 691 704 631 606
4 550 689 723 641
4 694 618 651 560
4 782 843 845 865
4 235 234 460 323
4 849 830 847 868
4 673 733 795 737
4 624 707 662 541
4 566 615 696 521
4 843 782 811 807
4 156 157 377 266
4 525 457 315 440
4 13 267 347 508
4 572 581 434 643
4 496 366 560 651
4 480 352 561 650
4 657 611 485 353
4 425 682 826 842
4 265 158 159 378
4 731 744 779 788
4 521 451 306 566
4 586 763 597 416
4 328 389 15 161
4 859 853 809 870
4 841 857 853 832
4 785 795 733 799
4 37 38 165 166
4 797 787 690 762
4 656 543 552 436
4 594 646 575 512
4 526 685 616 569
4 566 457 525 615
4 510 404 424 535
4 424 402 476 576
4 325 10 589 437
4 736 704 691 796
4 168 451 298 17
4 511 421 296 398
4 820 791 739 788
4 289 442 528 664
4 670 596 717 754
4 823 811 782 841
4 439 423 284 396
4 423 419 395 392
4 628 627 669 756
4 804 791 826 682
4 873 854 864 874
4 724 643 661 722
4 608 824 745 792
4 556 344 452 665
4 640 429 458 524
4 584 618 517 455
4 583 430 355 373
4 587 612 516 454
4 584 455 360 285
4 849 868 866 613
4 515 451 521 610
4 711 591 654 546
4 585 409 365 274
4 587 454 357 278
4 586 416 361 288
4 822 668 590 706
4 512 575 461 411
4 307 448 667 533
4 867 730 824 608
4 232 231 289 456
4 335 443 317 381
4 692 733 673 648
4 832 772 823 841
4 540 528 442 339
4 542 579 433 645
4 18 337 328 161
4 465 557 384 379
4 653 761 716 514
4 459 308 422 541
4 293 510 458 401
4 304 429 509 407
4 442 289 231 230
4 796 713 732 828
4 632 523 710 768
4 683 713 594 663
4 578 441 345 324
4 456 664 546 570
4 202 312 555 589
4 149 452 344 148
4 329 271 349 330
4 816 828 732 781
4 515 610 678 645
4 780 729 806 818
4 857 865 875 809
4 606 573 531 646
4 611 657 712 708
4 771 677 743 821
4 871 863 876 810
4 475 440 389 328
4 532 565 470 573
4 348 3 247 466
4 742 712 755 777
4 574 655 656 436
4 234 233 313 460
4 575 531 473 461
4 867 608 827 522
4 829 836 855 844
4 509 438 406 407
4 860 674 869 845
4 750 679 846 834
4 689 598 727 740
4 567 466 374 431
4 679 868 862 846
4 323 555 438 341
4 508 459 578 324
4 763 586 635 687
4 772 760 793 823
4 281 384 557 411
4 537 464 375 420
4 468 151 8 325
4 461 473 383 380
4 512 411 557 663
4 531 573 426 473
4 277 395 419 574
4 745 683 720 792
4 483 360 455 414
4 491 362 449 417
4 484 357 454 418
4 428 511 398 387
4 473 426 294 383
4 172 389 315 171
4 462 387 314 474
4 422 308 385 471
4 426 470 388 294
4 628 756 719 528
4 170 457 306 169
4 386 474 314 261
4 329 471 385 270
4 388 470 322 250
4 750 858 872 861
4 828 775 736 796
4 778 739 791 804
4 581 572 471 472
4 260 261 314 387
4 308 268 269 385
4 864 850 859 874
4 251 252 294 388
4 252 253 383 294
4 309 581 472 330
4 530 511 428 543
4 380 383 253 254
4 430 544 477 355
4 532 573 606 631
4 308 459 347 268
4 645 678 738 542
4 337 18 43 44
4 797 759 741 787
4 716 751 748 607
4 725 597 763 794
4 580 719 767 711
4 565 305 499 450
4 259 260 387 398
4 850 832 853 859
4 537 643 434 464
4 416 549 481 361
4 409 551 492 365
4 412 550 487 367
4 281 380 254 255
4 869 875 865 845
4 386 261 262 382
4 557 465 792 720
4 580 664 528 719
4 421 511 647 522
4 233 232 456 313
4 875 869 880 878
4 880 522 647 878
4 376 463 420 273
4 488 526 569 332
4 462 543 428 387
4 539 652 525 440
4 693 599 650 561
4 822 766 439 668
4 558 559 479 303
4 801 825 818 601
4 649 717 596 583
4 588 538 448 342
4 155 508 324 154
4 623 877 676 655
4 577 441 662 718
4 304 407 198 197
4 293 401 194 193
4 280 403 186 185
4 287 404 190 189
4 429 640 538 509
4 326 405 183 182
4 11 152 345 441
4 798 778 804 765
4 768 710 659 686
4 463 567 431 642
4 384 281 255 256
4 258 259 398 296
4 257 258 296 379
4 379 384 256 257
4 13 156 266 267
4 579 204 203 433
4 876 863 873 776
4 874 859 870 776
4 318 382 223 222
4 674 522 880 869
4 735 870 809 875
4 661 537 420 548
4 475 328 478 336
4 761 718 707 722
4 835 806 830 849
4 425 564 467 600
4 624 572 643 724
4 824 730 837 781
4 787 741 681 802
4 818 806 835 601
4 792 465 827 608
4 534 590 668 350
4 299 151 468 592
4 820 825 801 728
4 610 521 696 769
4 612 587 641 723
4 735 676 879 870
4 464 434 275 125
4 297 397 218 217
4 216 394 297 217
4 319 318 221 220
4 212 395 277 213
4 507 545 443 334
4 785 742 777 795
4 866 679 861 519
4 464 124 123 375
4 130 309 330 131
4 116 292 376 117
4 121 273 375 122
4 110 348 316 111
4 376 273 119 118
4 133 330 349 134
4 127 275 309 128
4 316 292 114 113
4 667 448 538 640
4 825 779 780 818
4 616 595 634 569
4 711 790 692 591
4 14 263 264 160
4 640 524 533 667
4 776 870 879 876
4 767 719 756 799
4 158 265 377 157
4 160 264 378 159
4 842 534 564 425
4 852 848 858 750
4 326 11 441 577
4 37 166 391 36
4 588 438 509 538
4 329 330 472 471
4 654 591 592 468
4 466 247 246 374
4 546 664 580 711
4 421 522 827 465
4 686 607 748 721
4 312 406 438 555
4 349 271 4 135
4 702 735 878 647
4 654 468 570 546
4 707 624 724 722
4 802 734 690 787
4 658 762 467 564
4 663 557 720 683
4 510 293 399 404
4 476 402 403 280
4 424 404 287 402
4 380 281 411 461
4 1258 1257 1338 1339
4 1257 1256 1320 1338
4 1236 1235 1390 1391
4 1347 1227 1226 1335
4 1392 1232 1231 1389
4 1235 1234 1274 1390
4 1342 1174 1175 1321
4 1267 1266 1324 1371
4 1316 1241 1240 1394
4 1231 1230 1281 1389
4 1281 1230 1229 1393
4 1432 1394 1294 1549
4 1294 1391 1433 1549
4 1695 1594 1722 1780
4 1247 1246 1314 1340
4 1088 1089 1355 1363
4 1082 1083 1367 1349
4 1099 1100 1370 1352
4 1300 1125 1126 1361
4 1364 1096 1097 1273
4 1358 1120 1121 1285
4 1354 1091 1092 1275
4 1357 1085 1086 1282
4 1362 1104 1105 1271
4 1359 1128 1129 1302
4 1702 1634 1685 1748
4 1696 1741 1626 1513
4 1697 1743 1627 1514
4 1780 1722 1802 1833
4 1515 1622 1442 1288
4 1530 1623 1444 1304
4 1261 1444 1337 1262
4 1265 1442 1324 1266
4 1263 1443 1288 1264
4 1259 1445 1304 1260
4 1249 1248 1441 1280
4 1602 1700 1526 1405
4 1324 1442 1622 1550
4 1337 1444 1623 1520
4 1585 1339 1338 1435
4 1337 1443 1263 1262
4 1288 1442 1265 1264
4 1339 1445 1259 1258
4 1304 1444 1261 1260
4 1340 1441 1248 1247
4 1441 1544 1407 1280
4 1694 1635 1750 1800
4 1288 1443 1629 1515
4 1550 1428 1371 1324
4 1514 1615 1668 1697
4 1513 1609 1669 1696
4 1336 1280 1407 1537
4 1406 1635 1694 1548
4 1736 1775 1697 1668
4 1726 1777 1696 1669
4 1622 1685 1634 1550
4 1600 1624 1407 1544
4 1413 1594 1695 1546
4 1628 1701 1555 1414
4 1251 1250 1336 1439
4 1520 1629 1443 1337
4 1700 1602 1670 1734
4 1340 1524 1544 1441
4 1289 1313 1564 1460
4 1578 1306 1272 1431
4 1345 1463 1564 1313
4 1280 1336 1250 1249
4 1341 1553 1405 1276
4 1558 1411 1627 1690
4 1557 1415 1626 1691
4 1705 1617 1542 1608
4 1748 1685 1718 1745
4 1276 1168 1169 1341
4 1276 1450 1167 1168
4 1524 1617 1600 1544
4 1524 1340 1314 1440
4 1790 1786 1808 1820
4 1622 1515 1718 1685
4 1446 1529 1628 1414
4 1451 1513 1626 1415
4 1452 1514 1627 1411
4 1687 1597 1464 1759
4 1736 1668 1728 1785
4 1556 1599 1684 1632
4 1409 1595 1686 1547
4 1754 1705 1709 1739
4 1432 1549 1540 1459
4 1226 1225 1292 1335
4 1809 1750 1674 1768
4 1615 1691 1728 1668
4 1067 1042 1183 1066
4 1433 1391 1390 1571
4 1597 1687 1731 1762
4 1814 1771 1831 1843
4 1283 1477 1647 1579
4 1420 1516 1620 1416
4 1282 1493 1648 1581
4 1316 1394 1432 1471
4 1771 1814 1749 1667
4 1840 1804 1826 1841
4 1804 1767 1811 1826
4 1765 1718 1515 1629
4 1667 1749 1630 1593
4 1775 1795 1743 1697
4 1678 1738 1633 1596
4 1492 1328 1546 1616
4 1805 1770 1737 1724
4 1758 1719 1702 1748
4 1674 1750 1635 1592
4 1503 1365 1547 1638
4 1483 1317 1548 1646
4 1698 1781 1724 1595
4 2 248 1343 1131
4 1845 1849 1810 1837
4 1666 1754 1739 1782
4 1786 1767 1804 1808
4 1541 1427 1630 1698
4 1781 1835 1805 1724
4 1185 1186 1062 1063
4 1832 1846 1610 1763
4 1573 1473 1511 1604
4 1032 1033 1034 1322
4 1802 1722 1791 1812
4 1574 1715 1650 1410
4 1781 1749 1814 1835
4 1566 1631 1499 1329
4 1556 1632 1501 1353
4 1698 1630 1749 1781
4 1770 1805 1844 1827
4 1835 1859 1844 1805
4 1641 1725 1703 1587
4 1430 1295 1512 1642
4 1550 1634 1639 1428
4 1744 1695 1780 1811
4 1835 1814 1843 1859
4 1611 1532 1656 1707
4 1723 1783 1682 1711
4 1616 1546 1695 1744
4 1450 1276 1405 1526
4 1610 1516 1420 1436
4 1837 1810 1751 1800
4 1684 1599 1733 1772
4 1646 1548 1694 1714
4 1666 1782 1796 1753
4 1783 1723 1816 1836
4 1520 1623 1611 1707
4 1836 1816 1847 1861
4 1829 1847 1816 1769
4 1292 1655 1561 1335
4 1416 1620 1652 1571
4 1531 1839 1641 1587
4 1449 1170 1171 1296
4 1530 1521 1611 1623
4 1845 1853 1868 1855
4 1737 1770 1726 1669
4 1471 1383 1315 1316
4 1809 1768 1828 1853
4 1634 1702 1545 1639
4 1246 1245 1378 1314
4 1769 1816 1723 1757
4 1770 1827 1803 1726
4 1841 1857 1842 1840
4 1532 1421 1573 1656
4 1819 1598 1832 1763
4 1108 1485 1329 1107
4 1119 1478 1328 1118
4 1084 1480 1367 1083
4 1081 1477 1283 1080
4 1124 1476 1353 1123
4 1101 1483 1370 1100
4 1095 1484 1365 1094
4 1127 1488 1361 1126
4 1098 1474 1273 1097
4 1069 1475 1334 1068
4 1090 1481 1355 1089
4 1499 1631 1582 1271
4 1501 1632 1583 1285
4 1741 1728 1691 1626
4 1602 1405 1553 1645
4 1521 1507 1532 1611
4 1103 1489 1317 1102
4 1087 1493 1282 1086
4 1130 1496 1302 1129
4 1674 1592 1613 1740
4 1106 1499 1271 1105
4 1122 1501 1285 1121
4 1093 1503 1275 1092
4 1807 1876 1673 1874
4 1669 1609 1720 1737
4 1703 1725 1798 1598
4 1714 1694 1800 1751
4 1709 1654 1517 1752
4 1624 1625 1537 1407
4 1483 1646 1580 1370
4 1597 1762 1679 1422
4 1750 1809 1837 1800
4 1503 1638 1584 1275
4 1822 1817 1785 1776
4 1853 1828 1860 1868
4 1359 1302 1562 1446
4 1538 1659 1575 1456
4 1555 1300 1361 1414
4 1557 1363 1355 1415
4 1558 1349 1367 1411
4 1582 1592 1635 1406
4 1447 1319 1467 1562
4 1671 1848 1727 1864
4 1791 1772 1813 1812
4 1335 1561 1531 1347
4 1731 1755 1743 1795
4 1580 1593 1630 1427
4 1777 1776 1741 1696
4 1656 1573 1604 1683
4 1834 1812 1813 1778
4 1833 1826 1811 1780
4 1788 1725 1641 1823
4 1751 1810 1771 1667
4 1678 1596 1690 1755
4 1854 1838 1779 1862
4 1662 1449 1296 1589
4 1836 1861 1851 1818
4 1567 1434 1457 1310
4 1810 1849 1831 1771
4 1818 1740 1783 1836
4 1799 1678 1755 1731
4 1828 1768 1818 1851
4 1473 1277 1410 1511
4 1855 1868 1807 1869
4 1830 1834 1727 1848
4 1812 1834 1830 1802
4 1273 1541 1409 1364
4 1418 1462 1376 1293
4 1742 1778 1729 1680
4 1185 1063 1064 1184
4 1538 1419 1569 1621
4 1740 1613 1682 1783
4 1600 1617 1705 1754
4 1527 1699 1644 1508
4 1675 1756 1794 1735
4 1595 1409 1541 1698
4 1743 1755 1690 1627
4 1655 1539 1735 1759
4 1545 1417 1460 1639
4 1754 1666 1624 1600
4 1393 1228 1347 1665
4 1567 1465 1322 1434
4 1317 1483 1101 1102
4 1357 1480 1084 1085
4 1300 1476 1124 1125
4 1349 1477 1081 1082
4 1362 1489 1103 1104
4 1363 1493 1087 1088
4 1354 1481 1090 1091
4 1352 1474 1098 1099
4 1359 1488 1127 1128
4 1358 1478 1119 1120
4 1364 1484 1095 1096
4 1343 1496 1130 1131
4 1482 1608 1542 1298
4 1699 1652 1673 1732
4 1365 1503 1093 1094
4 1328 1492 1117 1118
4 1329 1499 1106 1107
4 1353 1501 1122 1123
4 1858 1869 1874 1516
4 1552 1320 1457 1434
4 1684 1772 1791 1760
4 1860 1828 1851 1870
4 1398 1455 1426 1397
4 1588 1689 1645 1662
4 1539 1655 1292 1576
4 1857 1841 1852 1848
4 1040 1379 263 1038
4 1809 1853 1845 1837
4 1440 1542 1617 1524
4 1399 1209 1208 1400
4 1284 1210 1209 1399
4 1397 1217 1216 1398
4 1290 1214 1213 1396
4 1301 1218 1217 1397
4 1277 1206 1205 1402
4 1396 1213 1212 1401
4 1403 1221 1220 1404
4 1309 1222 1221 1403
4 1454 1191 1192 1312
4 1702 1719 1658 1545
4 1830 1852 1833 1802
4 1410 1402 1323 1574
4 1065 1066 1183 1184
4 1796 1730 1787 1764
4 1699 1527 1653 1652
4 1190 1303 1448 1189
4 1447 1343 249 1319
4 1599 1556 1555 1701
4 1430 1224 1041 1295
4 1607 1766 1756 1675
4 1688 1603 1643 1710
4 1688 1701 1628 1603
4 1547 1686 1720 1638
4 1691 1615 1648 1557
4 1779 1840 1842 1862
4 1256 1255 1457 1320
4 1846 1827 1844 1865
4 1670 1730 1792 1734
4 1621 1704 1659 1538
4 1563 1612 1693 1518
4 1840 1779 1808 1804
4 1177 1178 1374 266
4 1522 1454 1312 1437
4 1037 267 1344 1505
4 1569 1578 1431 1640
4 1493 1363 1557 1648
4 1477 1349 1558 1647
4 1654 1608 1482 1350
4 1422 1679 1823 1839
4 265 1179 1180 1375
4 1728 1741 1776 1785
4 1518 1448 1303 1563
4 1583 1760 1594 1413
4 1325 1386 1039 1182
4 1856 1850 1806 1867
4 1838 1854 1850 1829
4 1782 1792 1730 1796
4 1061 1062 1186 1187
4 1794 1784 1687 1759
4 1653 1540 1549 1433
4 1591 1643 1572 1509
4 1523 1682 1613 1566
4 1563 1454 1522 1612
4 1507 1401 1421 1532
4 1421 1399 1473 1573
4 1322 1034 1586 1434
4 1733 1701 1688 1793
4 1189 1448 1295 1041
4 1508 1418 1293 1395
4 1817 1788 1736 1785
4 1286 1439 1525 1661
4 1667 1593 1714 1751
4 1820 1808 1779 1838
4 1436 1420 1281 1393
4 1420 1416 1392 1389
4 1625 1624 1666 1753
4 1801 1788 1823 1679
4 1870 1851 1861 1871
4 1721 1640 1658 1719
4 1605 1821 1742 1789
4 1553 1341 1449 1662
4 1637 1426 1455 1521
4 1581 1615 1514 1452
4 1580 1427 1352 1370
4 1584 1609 1513 1451
4 1581 1452 1357 1282
4 1846 1865 1863 1610
4 1512 1448 1518 1607
4 1708 1588 1651 1543
4 1582 1406 1362 1271
4 1584 1451 1354 1275
4 1583 1413 1358 1285
4 1819 1665 1587 1703
4 1509 1572 1458 1408
4 1304 1445 1664 1530
4 1864 1727 1821 1605
4 1253 1252 1286 1453
4 1332 1440 1314 1378
4 1689 1730 1670 1645
4 1829 1769 1820 1838
4 1537 1525 1439 1336
4 1539 1576 1430 1642
4 1042 1334 1325 1182
4 1462 1554 1381 1376
4 1650 1758 1713 1511
4 1456 1305 1419 1538
4 1290 1507 1455 1398
4 1301 1426 1506 1404
4 1439 1286 1252 1251
4 1793 1710 1729 1825
4 1629 1520 1707 1765
4 1680 1710 1591 1660
4 1575 1438 1342 1321
4 1453 1661 1543 1567
4 1223 1309 1552 1586
4 1170 1449 1341 1169
4 1326 271 1346 1327
4 1813 1825 1729 1778
4 1512 1607 1675 1642
4 1777 1726 1803 1815
4 1854 1862 1872 1806
4 1603 1570 1528 1643
4 1608 1654 1709 1705
4 1768 1674 1740 1818
4 1868 1860 1873 1807
4 1472 1437 1386 1325
4 1529 1562 1467 1570
4 1345 1029 1268 1463
4 1739 1709 1752 1774
4 1571 1652 1653 1433
4 1255 1254 1310 1457
4 1572 1528 1470 1458
4 1864 1605 1824 1519
4 1826 1833 1852 1841
4 1506 1435 1403 1404
4 1857 1671 1866 1842
4 1747 1676 1843 1831
4 1686 1595 1724 1737
4 1564 1463 1371 1428
4 1676 1865 1859 1843
4 1320 1552 1435 1338
4 1505 1456 1575 1321
4 1760 1583 1632 1684
4 1769 1757 1790 1820
4 1278 1381 1554 1408
4 1534 1461 1372 1417
4 1465 1172 1032 1322
4 1458 1470 1380 1377
4 1509 1408 1554 1660
4 1528 1570 1423 1470
4 1274 1392 1416 1571
4 1742 1680 1717 1789
4 1480 1357 1452 1411
4 1488 1359 1446 1414
4 1481 1354 1451 1415
4 1425 1508 1395 1384
4 1470 1423 1291 1380
4 1193 1386 1312 1192
4 1459 1384 1311 1471
4 1419 1305 1382 1468
4 1423 1467 1385 1291
4 1625 1753 1716 1525
4 1191 1454 1303 1190
4 1383 1471 1311 261
4 1326 1468 1382 270
4 1385 1467 1319 250
4 1747 1855 1869 1858
4 1825 1772 1733 1793
4 1775 1736 1788 1801
4 1578 1569 1468 1469
4 260 261 1311 1384
4 1305 268 269 1382
4 1861 1847 1856 1871
4 251 252 1291 1385
4 252 253 1380 1291
4 1306 1578 1469 1327
4 1527 1508 1425 1540
4 1377 1380 253 254
4 1427 1541 1474 1352
4 1529 1570 1603 1628
4 1305 1456 1344 268
4 1642 1675 1735 1539
4 1334 1042 1067 1068
4 1794 1756 1738 1784
4 1713 1748 1745 1604
4 1722 1594 1760 1791
4 1577 1716 1764 1708
4 1562 1302 1496 1447
4 259 260 1384 1395
4 1847 1829 1850 1856
4 1534 1640 1431 1461
4 1413 1546 1478 1358
4 1406 1548 1489 1362
4 1409 1547 1484 1364
4 1278 1377 254 255
4 1866 1872 1862 1842
4 1383 261 262 1379
4 1554 1462 1789 1717
4 1577 1661 1525 1716
4 1418 1508 1644 1519
4 1254 1253 1453 1310
4 1872 1866 1877 1875
4 1877 1519 1644 1875
4 1373 1460 1417 1270
4 1485 1523 1566 1329
4 1459 1540 1425 1384
4 1536 1649 1522 1437
4 1690 1596 1647 1558
4 1819 1763 1436 1665
4 1555 1556 1476 1300
4 1798 1822 1815 1598
4 1646 1714 1593 1580
4 1585 1535 1445 1339
4 1176 1505 1321 1175
4 1620 1874 1673 1652
4 1574 1438 1659 1715
4 1301 1404 1219 1218
4 1290 1398 1215 1214
4 1277 1400 1207 1206
4 1284 1401 1211 1210
4 1426 1637 1535 1506
4 1323 1402 1204 1203
4 1035 1173 1342 1438
4 1795 1775 1801 1762
4 1765 1707 1656 1683
4 1460 1564 1428 1639
4 1381 1278 255 256
4 258 259 1395 1293
4 257 258 1293 1376
4 1376 1381 256 257
4 1037 1177 266 267
4 1576 1225 1224 1430
4 1873 1860 1870 1773
4 1871 1856 1867 1773
4 1315 1379 1244 1243
4 1671 1519 1877 1866
4 1732 1867 1806 1872
4 1658 1534 1417 1545
4 1472 1325 1475 1333
4 1758 1715 1704 1719
4 1832 1803 1827 1846
4 1422 1561 1464 1597
4 1621 1569 1640 1721
4 1821 1727 1834 1778
4 1784 1738 1678 1799
4 1815 1803 1832 1598
4 1789 1462 1824 1605
4 1531 1587 1665 1347
4 1296 1172 1465 1589
4 1817 1822 1798 1725
4 1607 1518 1693 1766
4 1609 1584 1638 1720
4 1732 1673 1876 1867
4 1461 1431 1272 1149
4 1294 1394 1239 1238
4 1237 1391 1294 1238
4 1316 1315 1242 1241
4 1233 1392 1274 1234
4 1504 1542 1440 1331
4 1782 1739 1774 1792
4 1863 1676 1858 1516
4 1461 1148 1147 1372
4 1154 1306 1327 1155
4 1140 1289 1373 1141
4 1145 1270 1372 1146
4 1134 1345 1313 1135
4 1373 1270 1143 1142
4 1157 1327 1346 1158
4 1151 1272 1306 1152
4 1313 1289 1138 1137
4 1664 1445 1535 1637
4 1822 1776 1777 1815
4 1613 1592 1631 1566
4 1708 1787 1689 1588
4 1038 263 264 1181
4 1637 1521 1530 1664
4 1773 1867 1876 1873
4 1764 1716 1753 1796
4 1179 265 1374 1178
4 1181 264 1375 1180
4 1839 1531 1561 1422
4 1849 1845 1855 1747
4 1323 1035 1438 1574
4 1061 1187 1388 1060
4 1585 1435 1506 1535
4 1326 1327 1469 1468
4 1651 1588 1589 1465
4 1463 1268 1267 1371
4 1543 1661 1577 1708
4 1418 1519 1824 1462
4 1683 1604 1745 1718
4 1309 1403 1435 1552
4 1346 271 4 1159
4 1699 1732 1875 1644
4 1651 1465 1567 1543
4 1704 1621 1721 1719
4 1799 1731 1687 1784
4 1655 1759 1464 1561
4 1660 1554 1717 1680
4 1507 1290 1396 1401
4 1473 1399 1400 1277
4 1421 1401 1284 1399
4 1377 1278 1408 1458
3 892 894 142
3 144 6 138
3 885 891 889
3 141 885 140
3 144 884 143
3 137 891 138
3 113 886 112
3 118 882 117
3 115 882 114
3 120 881 119
3 129 883 128
3 4 888 135
3 131 887 130
3 141 890 886
3 890 141 3
3 108 890 3
3 890 108 109
3 111 886 110
3 886 111 112
3 134 888 133
3 888 134 135
3 883 127 128
3 127 883 126
3 121 881 120
3 881 121 122
3 882 116 117
3 116 882 115
3 893 124 125
3 124 893 123
3 1889 1891 142
3 144 6 1162
3 1882 1888 1886
3 1165 1882 1164
3 144 1881 143
3 1161 1888 1162
3 1137 1883 1136
3 1142 1879 1141
3 1139 1879 1138
3 1144 1878 1143
3 1153 1880 1152
3 4 1885 1159
3 1155 1884 1154
3 1165 1887 1883
3 1887 1165 1029
3 1132 1887 1029
3 1887 1132 1133
3 1135 1883 1134
3 1883 1135 1136
3 1158 1885 1157
3 1885 1158 1159
3 1880 1151 1152
3 1151 1880 1150
3 1145 1878 1144
3 1878 1145 1146
3 1879 1140 1141
3 1140 1879 1139
3 1890 1148 1149
3 1148 1890 1147
4 137 136 889 891
4 884 891 885 892
4 884 144 138 891
4 5 139 889 136
4 885 889 139 140
4 143 884 892 142
4 885 141 886 882
4 892 885 882 881
4 894 132 133 888
4 890 109 110 886
4 122 123 893 881
4 893 125 126 883
4 894 892 883 887
4 888 4 142 894
4 132 894 887 131
4 118 119 881 882
4 113 114 882 886
4 887 883 129 130
4 892 881 893 883
4 1161 1160 1886 1888
4 1881 1888 1882 1889
4 1881 144 1162 1888
4 1030 1163 1886 1160
4 1882 1886 1163 1164
4 143 1881 1889 142
4 1882 1165 1883 1879
4 1889 1882 1879 1878
4 1891 1156 1157 1885
4 1887 1133 1134 1883
4 1146 1147 1890 1878
4 1890 1149 1150 1880
4 1891 1889 1880 1884
4 1885 4 142 1891
4 1156 1891 1884 1155
4 1142 1143 1878 1879
4 1137 1138 1879 1883
4 1884 1880 1153 1154
4 1889 1878 1890 1880
3 50 49 2418
3 22 21 2390
3 23 22 2391
3 24 23 2392
3 25 24 2393
3 26 25 2394
3 27 26 2395
3 28 27 2396
3 29 28 2397
3 30 29 2398
3 31 30 2399
3 32 31 2400
3 33 32 2401
3 34 33 2402
3 35 34 2403
3 36 35 2404
3 37 36 2405
3 38 37 2406
3 39 38 2407
3 40 39 2408
3 41 40 2409
3 42 41 2410
3 43 42 2411
3 44 43 2412
3 45 44 2413
3 46 45 2414
3 47 46 2415
3 48 47 2416
3 49 48 2417
3 51 50 2419
3 52 51 2420
3 53 52 2421
3 54 53 2422
3 55 54 2423
3 56 55 2424
3 57 56 2425
3 58 57 2426
3 59 58 2427
3 60 59 2428
3 61 60 2429
3 62 61 2430
3 63 62 2431
3 64 63 2432
3 65 64 2433
3 66 65 2434
3 67 66 2435
3 68 67 2436
3 69 68 2437
3 70 69 2438
3 71 70 2439
3 72 71 2440
3 73 72 2441
3 74 73 2442
3 75 74 2443
3 76 75 2444
3 77 76 2445
3 78 77 2446
3 79 78 2447
3 80 79 2448
3 81 80 2449
3 82 81 2450
3 83 82 2451
3 84 83 2452
3 85 84 2453
3 86 85 2454
3 87 86 2455
3 88 87 2456
3 89 88 2457
3 90 89 2458
3 91 90 2459
3 92 91 2460
3 93 92 2461
3 94 93 2462
3 95 94 2463
3 96 95 2464
3 97 96 2465
3 98 97 2466
3 99 98 2467
3 100 99 2468
3 101 100 2469
3 102 101 2470
3 103 102 2471
3 104 103 2472
3 105 104 2473
3 106 105 2474
3 107 106 2475
3 2 107 2476
3 1131 2 2478
3 1130 1131 2479
3 1129 1130 2480
3 1128 1129 2481
3 1127 1128 2482
3 1126 1127 2483
3 1125 1126 2484
3 1124 1125 2485
3 1123 1124 2486
3 1122 1123 2487
3 1121 1122 2488
3 1120 1121 2489
3 1119 1120 2490
3 1118 1119 2491
3 1117 1118 2492
3 1116 1117 2493
3 1115 1116 2494
3 1114 1115 2495
3 1113 1114 2496
3 1112 1113 2497
3 1111 1112 2498
3 1110 1111 2499
3 1109 1110 2500
3 1108 1109 2501
3 1107 1108 2502
3 1106 1107 2503
3 1105 1106 2504
3 1104 1105 2505
3 1103 1104 2506
3 1102 1103 2507
3 1101 1102 2508
3 1100 1101 2509
3 1099 1100 2510
3 1098 1099 2511
3 1097 1098 2512
3 1096 1097 2513
3 1095 1096 2514
3 1094 1095 2515
3 1093 1094 2516
3 1092 1093 2517
3 1091 1092 2518
3 1090 1091 2519
3 1089 1090 2520
3 1088 1089 2521
3 1087 1088 2522
3 1086 1087 2523
3 1085 1086 2524
3 1084 1085 2525
3 1083 1084 2526
3 1082 1083 2527
3 1081 1082 2528
3 1080 1081 2529
3 1079 1080 2530
3 1078 1079 2531
3 1077 1078 2532
3 1076 1077 2533
3 1075 1076 2534
3 1074 1075 2535
3 1073 1074 2536
3 1072 1073 2537
3 1071 1072 2538
3 1070 1071 2539
3 1069 1070 2540
3 1068 1069 2541
3 1067 1068 2542
3 1066 1067 2543
3 1065 1066 2544
3 1064 1065 2545
3 1063 1064 2546
3 1062 1063 2547
3 1061 1062 2548
3 1060 1061 2549
3 1059 1060 2550
3 1058 1059 2551
3 1057 1058 2552
3 1056 1057 2553
3 1055 1056 2554
3 1054 1055 2555
3 1053 1054 2556
3 1052 1053 2557
3 1051 1052 2558
3 1050 1051 2559
3 1049 1050 2560
3 1048 1049 2561
3 1047 1048 2562
3 1046 1047 2563
3 1045 1046 2564
3 1044 1045 2565
3 1028 1044 2566
3 2554 2555 1055
3 21 20 2389
3 20 1 2388
3 2028 2388 1
3 2388 2389 20
3 2389 2390 21
3 2390 2391 22
3 2391 2392 23
3 2392 2393 24
3 2393 2394 25
3 2394 2395 26
3 2395 2396 27
3 2396 2397 28
3 2397 2398 29
3 2398 2399 30
3 2399 2400 31
3 2400 2401 32
3 2401 2402 33
3 2402 2403 34
3 2403 2404 35
3 2404 2405 36
3 2405 2406 37
3 2406 2407 38
3 2407 2408 39
3 2408 2409 40
3 2409 2410 41
3 2410 2411 42
3 2411 2412 43
3 2412 2413 44
3 2413 2414 45
3 2414 2415 46
3 2415 2416 47
3 2416 2417 48
3 2417 2418 49
3 2418 2419 50
3 2419 2420 51
3 2420 2421 52
3 2421 2422 53
3 2422 2423 54
3 2423 2424 55
3 2424 2425 56
3 2425 2426 57
3 2426 2427 58
3 2427 2428 59
3 2428 2429 60
3 2429 2430 61
3 2430 2431 62
3 2431 2432 63
3 2432 2433 64
3 2433 2434 65
3 2434 2435 66
3 2435 2436 67
3 2436 2437 68
3 2437 2438 69
3 2438 2439 70
3 2439 2440 71
3 2440 2441 72
3 2441 2442 73
3 2442 2443 74
3 2443 2444 75
3 2444 2445 76
3 2445 2446 77
3 2446 2447 78
3 2447 2448 79
3 2448 2449 80
3 2449 2450 81
3 2450 2451 82
3 2451 2452 83
3 2452 2453 84
3 2453 2454 85
3 2454 2455 86
3 2455 2456 87
3 2456 2457 88
3 2457 2458 89
3 2458 2459 90
3 2459 2460 91
3 2460 2461 92
3 2461 2462 93
3 2462 2463 94
3 2463 2464 95
3 2464 2465 96
3 2465 2466 97
3 2466 2467 98
3 2467 2468 99
3 2468 2469 100
3 2469 2470 101
3 2470 2471 102
3 2471 2472 103
3 2472 2473 104
3 2473 2474 105
3 2474 2475 106
3 2475 2476 107
3 2476 2477 2
3 2477 2478 2
3 2478 2479 1131
3 2479 2480 1130
3 2480 2481 1129
3 2481 2482 1128
3 2482 2483 1127
3 2483 2484 1126
3 2484 2485 1125
3 2485 2486 1124
3 2486 2487 1123
3 2487 2488 1122
3 2488 2489 1121
3 2489 2490 1120
3 2490 2491 1119
3 2491 2492 1118
3 2492 2493 1117
3 2493 2494 1116
3 2494 2495 1115
3 2495 2496 1114
3 2496 2497 1113
3 2497 2498 1112
3 2498 2499 1111
3 2499 2500 1110
3 2500 2501 1109
3 2501 2502 1108
3 2502 2503 1107
3 2503 2504 1106
3 2504 2505 1105
3 2505 2506 1104
3 2506 2507 1103
3 2507 2508 1102
3 2508 2509 1101
3 2509 2510 1100
3 2510 2511 1099
3 2511 2512 1098
3 2512 2513 1097
3 2513 2514 1096
3 2514 2515 1095
3 2515 2516 1094
3 2516 2517 1093
3 2517 2518 1092
3 2518 2519 1091
3 2519 2520 1090
3 2520 2521 1089
3 2521 2522 1088
3 2522 2523 1087
3 2523 2524 1086
3 2524 2525 1085
3 2525 2526 1084
3 2526 2527 1083
3 2527 2528 1082
3 2528 2529 1081
3 2529 2530 1080
3 2530 2531 1079
3 2531 2532 1078
3 2532 2533 1077
3 2533 2534 1076
3 2534 2535 1075
3 2535 2536 1074
3 2536 2537 1073
3 2537 2538 1072
3 2538 2539 1071
3 2539 2540 1070
3 2540 2541 1069
3 2541 2542 1068
3 2542 2543 1067
3 2543 2544 1066
3 2544 2545 1065
3 2545 2546 1064
3 2546 2547 1063
3 2547 2548 1062
3 2548 2549 1061
3 2549 2550 1060
3 2550 2551 1059
3 2551 2552 1058
3 2552 2553 1057
3 2553 2554 1056
3 2555 2556 1054
3 2556 2557 1053
3 2557 2558 1052
3 2558 2559 1051
3 2559 2560 1050
3 2560 2561 1049
3 2561 2562 1048
3 2562 2563 1047
3 2563 2564 1046
3 2564 2565 1045
3 2565 2566 1044
3 1028 2566 2029
4 2333 2084 2085 2332
4 2336 2081 2082 2335
4 2349 2068 2069 2348
4 2374 2043 2044 2373
4 2352 2065 2066 2351
4 2219 2198 2199 2218
4 2371 2046 2047 2370
4 2343 2074 2075 2342
4 2361 2056 2057 2360
4 2346 2071 2072 2345
4 0 2026 2209 2208
4 2365 2052 2053 2364
4 2368 2049 2050 2367
4 2358 2059 2060 2357
4 2355 2062 2063 2354
4 2058 2059 2358 2359
4 2038 2039 2378 2379
4 2061 2062 2355 2356
4 2048 2049 2368 2369
4 2378 2039 2040 2377
4 2051 2052 2365 2366
4 2045 2046 2371 2372
4 2033 2034 2383 2384
4 2055 2056 2361 2362
4 2035 2036 2381 2382
4 2032 2033 2384 2385
4 2027 2025 2030 2387
4 2036 2037 2380 2381
4 2042 2043 2374 2375
4 2064 2065 2352 2353
4 2041 2042 2375 2376
4 2323 2094 2095 2322
4 2364 2053 2054 2363
4 2344 2073 2074 2343
4 2342 2075 2076 2341
4 2363 2054 2055 2362
4 2338 2079 2080 2337
4 2214 2203 2204 2213
4 2319 2098 2099 2318
4 2244 2173 2174 2243
4 2238 2179 2180 2237
4 2225 2192 2193 2224
4 2248 2169 2170 2247
4 2221 2196 2197 2220
4 2261 2156 2157 2260
4 2235 2182 2183 2234
4 2316 2101 2102 2315
4 2211 2206 2207 2210
4 2231 2186 2187 2230
4 2218 2199 2200 2217
4 2228 2189 2190 2227
4 2267 2150 2151 2266
4 2234 2183 2184 2233
4 2332 2085 2086 2331
4 2224 2193 2194 2223
4 2354 2063 2064 2353
4 2212 2205 2206 2211
4 2251 2166 2167 2250
4 2339 2078 2079 2338
4 2264 2153 2154 2263
4 2345 2072 2073 2344
4 2274 2143 2144 2273
4 2232 2185 2186 2231
4 2313 2104 2105 2312
4 2357 2060 2061 2356
4 2241 2176 2177 2240
4 2351 2066 2067 2350
4 2215 2202 2203 2214
4 2222 2195 2196 2221
4 2254 2163 2164 2253
4 2322 2095 2096 2321
4 2341 2076 2077 2340
4 2335 2082 2083 2334
4 2326 2091 2092 2325
4 2347 2070 2071 2346
4 2360 2057 2058 2359
4 2044 2045 2372 2373
4 2329 2088 2089 2328
4 2348 2069 2070 2347
4 2050 2051 2366 2367
4 2031 2032 2385 2386
4 2034 2035 2382 2383
4 2047 2048 2369 2370
4 2037 2038 2379 2380
4 2040 2041 2376 2377
4 2116 2301 2302 2115
4 2318 2099 2100 2317
4 2280 2137 2138 2279
4 2350 2067 2068 2349
4 2327 2090 2091 2326
4 2125 2292 2293 2124
4 2250 2167 2168 2249
4 2239 2178 2179 2238
4 2309 2108 2109 2308
4 2256 2161 2162 2255
4 2243 2174 2175 2242
4 2237 2180 2181 2236
4 2273 2144 2145 2272
4 2227 2190 2191 2226
4 2270 2147 2148 2269
4 2210 2207 2208 2209
4 2113 2304 2305 2112
4 2129 2288 2289 2128
4 2283 2134 2135 2282
4 2230 2187 2188 2229
4 2220 2197 2198 2219
4 2233 2184 2185 2232
4 2272 2145 2146 2271
4 2257 2160 2161 2256
4 2240 2177 2178 2239
4 2276 2141 2142 2275
4 2128 2289 2290 2127
4 2286 2131 2132 2285
4 2122 2295 2296 2121
4 2330 2087 2088 2329
4 2312 2105 2106 2311
4 2315 2102 2103 2314
4 2226 2191 2192 2225
4 2246 2171 2172 2245
4 2213 2204 2205 2212
4 2115 2302 2303 2114
4 2216 2201 2202 2215
4 2223 2194 2195 2222
4 2279 2138 2139 2278
4 2110 2307 2308 2109
4 2247 2170 2171 2246
4 2325 2092 2093 2324
4 2112 2305 2306 2111
4 2259 2158 2159 2258
4 2253 2164 2165 2252
4 2269 2148 2149 2268
4 2337 2080 2081 2336
4 2324 2093 2094 2323
4 2263 2154 2155 2262
4 2334 2083 2084 2333
4 2249 2168 2169 2248
4 2277 2140 2141 2276
4 2331 2086 2087 2330
4 2217 2200 2201 2216
4 2260 2157 2158 2259
4 2229 2188 2189 2228
4 2282 2135 2136 2281
4 2266 2151 2152 2265
4 2236 2181 2182 2235
4 2119 2298 2299 2118
4 2328 2089 2090 2327
4 2321 2096 2097 2320
4 2340 2077 2078 2339
4 2126 2291 2292 2125
4 2030 2031 2386 2387
4 2314 2103 2104 2313
4 2114 2303 2304 2113
4 2120 2297 2298 2119
4 2271 2146 2147 2270
4 2278 2139 2140 2277
4 2117 2300 2301 2116
4 2317 2100 2101 2316
4 2123 2294 2295 2122
4 2127 2290 2291 2126
4 2258 2159 2160 2257
4 2310 2107 2108 2309
4 2255 2162 2163 2254
4 2320 2097 2098 2319
4 2245 2172 2173 2244
4 2124 2293 2294 2123
4 2252 2165 2166 2251
4 2265 2152 2153 2264
4 2311 2106 2107 2310
4 2121 2296 2297 2120
4 2242 2175 2176 2241
4 2281 2136 2137 2280
4 2288 2129 2130 2287
4 2284 2133 2134 2283
4 2268 2149 2150 2267
4 2262 2155 2156 2261
4 2111 2306 2307 2110
4 2285 2132 2133 2284
4 2275 2142 2143 2274
4 2287 2130 2131 2286
4 2118 2299 2300 2117
4 2559 2380 2381 2560
4 2548 2369 2370 2549
4 2551 2372 2373 2552
4 2553 2374 2375 2554
4 2425 2246 2247 2426
4 2430 2251 2252 2431
4 2526 2347 2348 2527
4 2418 2239 2240 2419
4 2556 2377 2378 2557
4 2438 2259 2260 2439
4 2565 2386 2387 2566
4 2382 2383 2562 2561
4 2413 2234 2235 2414
4 2564 2385 2386 2565
4 2446 2267 2268 2447
4 2209 2210 2389 2388
4 2405 2226 2227 2406
4 2443 2264 2265 2444
4 2399 2220 2221 2400
4 2423 2244 2245 2424
4 2451 2272 2273 2452
4 2028 2026 2209 2388
4 2400 2221 2222 2401
4 2412 2233 2234 2413
4 2238 2239 2418 2417
4 2223 2224 2403 2402
4 2391 2212 2213 2392
4 2215 2216 2395 2394
4 2389 2210 2211 2390
4 2395 2216 2217 2396
4 2545 2366 2367 2546
4 2415 2236 2237 2416
4 2550 2371 2372 2551
4 2392 2213 2214 2393
4 2214 2215 2394 2393
4 2397 2218 2219 2398
4 2404 2225 2226 2405
4 2420 2241 2242 2421
4 2224 2225 2404 2403
4 2435 2256 2257 2436
4 2534 2355 2356 2535
4 2211 2212 2391 2390
4 2228 2229 2408 2407
4 2428 2249 2250 2429
4 2398 2219 2220 2399
4 2408 2229 2230 2409
4 2410 2231 2232 2411
4 2433 2254 2255 2434
4 2540 2361 2362 2541
4 2562 2383 2384 2563
4 2542 2363 2364 2543
4 2379 2380 2559 2558
4 2537 2358 2359 2538
4 2452 2273 2274 2453
4 2515 2336 2337 2516
4 2563 2384 2385 2564
4 2502 2323 2324 2503
4 2555 2376 2377 2556
4 2528 2349 2350 2529
4 2450 2271 2272 2451
4 2494 2315 2316 2495
4 2516 2337 2338 2517
4 2455 2276 2277 2456
4 2457 2278 2279 2458
4 2470 2291 2292 2471
4 2531 2352 2353 2532
4 2546 2367 2368 2547
4 2530 2351 2352 2531
4 2448 2269 2270 2449
4 2481 2302 2303 2482
4 2463 2284 2285 2464
4 2483 2304 2305 2484
4 2459 2280 2281 2460
4 2503 2324 2325 2504
4 2453 2274 2275 2454
4 2521 2342 2343 2522
4 2512 2333 2334 2513
4 2525 2346 2347 2526
4 2440 2261 2262 2441
4 2387 2027 2029 2566
4 2436 2257 2258 2437
4 2514 2335 2336 2515
4 2414 2235 2236 2415
4 2520 2341 2342 2521
4 2429 2250 2251 2430
4 2396 2217 2218 2397
4 2507 2328 2329 2508
4 2491 2312 2313 2492
4 2547 2368 2369 2548
4 2523 2344 2345 2524
4 2541 2362 2363 2542
4 2444 2265 2266 2445
4 2419 2240 2241 2420
4 2462 2283 2284 2463
4 2510 2331 2332 2511
4 2437 2258 2259 2438
4 2489 2310 2311 2490
4 2441 2262 2263 2442
4 2424 2245 2246 2425
4 2442 2263 2264 2443
4 2432 2253 2254 2433
4 2498 2319 2320 2499
4 2533 2354 2355 2534
4 2506 2327 2328 2507
4 2538 2359 2360 2539
4 2518 2339 2340 2519
4 2439 2260 2261 2440
4 2497 2318 2319 2498
4 2467 2288 2289 2468
4 2447 2268 2269 2448
4 2527 2348 2349 2528
4 2549 2370 2371 2550
4 2499 2320 2321 2500
4 2449 2270 2271 2450
4 2501 2322 2323 2502
4 2461 2282 2283 2462
4 2416 2237 2238 2417
4 2426 2247 2248 2427
4 2458 2279 2280 2459
4 2468 2289 2290 2469
4 2517 2338 2339 2518
4 2560 2381 2382 2561
4 2554 2375 2376 2555
4 2465 2286 2287 2466
4 2422 2243 2244 2423
4 2409 2230 2231 2410
4 2445 2266 2267 2446
4 2427 2248 2249 2428
4 2431 2252 2253 2432
4 2536 2357 2358 2537
4 2401 2222 2223 2402
4 2406 2227 2228 2407
4 2473 2294 2295 2474
4 2475 2296 2297 2476
4 2508 2329 2330 2509
4 2421 2242 2243 2422
4 2529 2350 2351 2530
4 2471 2292 2293 2472
4 2411 2232 2233 2412
4 2522 2343 2344 2523
4 2495 2316 2317 2496
4 2552 2373 2374 2553
4 2519 2340 2341 2520
4 2524 2345 2346 2525
4 2557 2378 2379 2558
4 2460 2281 2282 2461
4 2505 2326 2327 2506
4 2434 2255 2256 2435
4 2487 2308 2309 2488
4 2478 2299 2300 2479
4 2484 2305 2306 2485
4 2476 2297 2298 2477
4 2492 2313 2314 2493
4 2511 2332 2333 2512
4 2543 2364 2365 2544
4 2500 2321 2322 2501
4 2486 2307 2308 2487
4 2535 2356 2357 2536
4 2509 2330 2331 2510
4 2539 2360 2361 2540
4 2513 2334 2335 2514
4 2454 2275 2276 2455
4 2544 2365 2366 2545
4 2532 2353 2354 2533
4 2493 2314 2315 2494
4 2488 2309 2310 2489
4 2480 2301 2302 2481
4 2490 2311 2312 2491
4 2456 2277 2278 2457
4 2469 2290 2291 2470
4 2485 2306 2307 2486
4 2479 2300 2301 2480
4 2477 2298 2299 2478
4 2496 2317 2318 2497
4 2466 2287 2288 2467
4 2472 2293 2294 2473
4 2474 2295 2296 2475
4 2504 2325 2326 2505
4 2464 2285 2286 2465
4 2482 2303 2304 2483
3 974 994 977
3 948 951 911
3 980 997 960
3 953 999 981
3 979 992 957
3 952 996 978
3 986 991 972
3 907 974 948
3 969 984 926
3 939 970 922
3 940 973 903
3 944 957 902
3 990 1000 971
3 914 946 924
3 951 977 909
4 899 916 213 214
4 221 917 895 220
4 209 918 896 208
4 918 938 960 965
4 912 949 222 223
4 212 935 900 211
4 219 936 897 218
4 217 937 915 216
4 215 934 899 214
4 210 938 918 209
4 207 933 898 206
4 931 995 992 966
4 949 917 221 222
4 208 896 933 207
4 220 895 936 219
4 213 916 935 212
4 218 897 937 217
4 211 900 938 210
4 216 915 934 215
4 931 896 918 965
4 982 953 937 897
4 895 929 959 936
4 966 933 896 931
4 897 936 959 982
4 915 937 953 981
4 981 954 934 915
4 899 934 954 932
4 955 898 933 966
4 943 901 956 990
4 980 900 935 962
4 900 980 960 938
4 223 16 178 912
4 11 182 925 12
4 17 203 914 177
4 898 913 205 206
4 204 205 913 946
4 202 10 9 911
4 958 977 994 985
4 174 175 945 907
4 947 910 950 968
4 989 941 902 957
4 916 967 962 935
4 927 913 898 955
4 907 948 173 174
4 9 173 948 911
4 175 176 924 945
4 201 202 911 951
4 996 962 967 978
4 987 930 971 1000
4 904 930 963 942
4 961 940 905 926
4 999 953 1000 990
4 967 916 899 932
4 917 964 929 895
4 998 959 929 986
4 947 180 181 910
4 997 961 926 984
4 176 177 914 924
4 910 181 12 925
4 956 901 921 928
4 914 203 204 946
4 940 194 195 905
4 942 185 186 904
4 921 190 191 922
4 904 186 187 920
4 925 182 183 906
4 912 178 179 908
4 943 188 189 901
4 939 192 193 903
4 901 189 190 921
4 944 199 200 909
4 941 197 198 902
4 906 183 184 923
4 905 195 196 919
4 950 906 923 972
4 930 904 920 971
4 919 969 926 905
4 928 921 922 970
4 927 955 985 994
4 992 995 989 957
4 987 982 959 998
4 958 944 909 977
4 998 963 930 987
4 913 927 975 946
4 970 939 952 978
4 957 944 958 979
4 964 917 949 976
4 952 939 903 973
4 997 980 983 961
4 945 975 974 907
4 981 999 988 954
4 973 983 996 952
4 951 948 974 977
4 975 945 924 946
4 984 965 960 997
4 995 931 965 984
4 941 989 969 919
4 986 972 963 998
4 970 978 993 928
4 932 993 978 967
4 966 992 979 955
4 983 980 962 996
4 973 940 961 983
4 954 988 993 932
4 943 990 971 920
4 197 941 919 196
4 185 942 923 184
4 192 939 922 191
4 194 940 903 193
4 188 943 920 187
4 199 944 902 198
4 180 947 908 179
4 925 906 950 910
4 1000 953 982 987
4 942 963 972 923
4 956 988 999 990
4 964 976 968 991
4 995 984 969 989
4 994 974 975 927
4 201 951 909 200
4 991 968 950 972
4 964 991 986 929
4 988 956 928 993
4 976 908 947 968
4 912 908 976 949
4 979 958 985 955
3 1971 1991 1974
3 1945 1948 1908
3 1977 1994 1957
3 1950 1996 1978
3 1976 1989 1954
3 1949 1993 1975
3 1983 1988 1969
3 1904 1971 1945
3 1966 1981 1923
3 1936 1967 1919
3 1937 1970 1900
3 1941 1954 1899
3 1987 1997 1968
3 1911 1943 1921
3 1948 1974 1906
4 1896 1913 1234 1235
4 1242 1914 1892 1241
4 1230 1915 1893 1229
4 1915 1935 1957 1962
4 1909 1946 1243 1244
4 1233 1932 1897 1232
4 1240 1933 1894 1239
4 1238 1934 1912 1237
4 1236 1931 1896 1235
4 1231 1935 1915 1230
4 1228 1930 1895 1227
4 1928 1992 1989 1963
4 1946 1914 1242 1243
4 1229 1893 1930 1228
4 1241 1892 1933 1240
4 1234 1913 1932 1233
4 1239 1894 1934 1238
4 1232 1897 1935 1231
4 1237 1912 1931 1236
4 1928 1893 1915 1962
4 1979 1950 1934 1894
4 1892 1926 1956 1933
4 1963 1930 1893 1928
4 1894 1933 1956 1979
4 1912 1934 1950 1978
4 1978 1951 1931 1912
4 1896 1931 1951 1929
4 1952 1895 1930 1963
4 1940 1898 1953 1987
4 1977 1897 1932 1959
4 1897 1977 1957 1935
4 1244 1040 1199 1909
4 1035 1203 1922 1036
4 1041 1224 1911 1198
4 1895 1910 1226 1227
4 1225 1226 1910 1943
4 1223 1034 1033 1908
4 1955 1974 1991 1982
4 1195 1196 1942 1904
4 1944 1907 1947 1965
4 1986 1938 1899 1954
4 1913 1964 1959 1932
4 1924 1910 1895 1952
4 1904 1945 1194 1195
4 1033 1194 1945 1908
4 1196 1197 1921 1942
4 1222 1223 1908 1948
4 1993 1959 1964 1975
4 1984 1927 1968 1997
4 1901 1927 1960 1939
4 1958 1937 1902 1923
4 1996 1950 1997 1987
4 1964 1913 1896 1929
4 1914 1961 1926 1892
4 1995 1956 1926 1983
4 1944 1201 1202 1907
4 1994 1958 1923 1981
4 1197 1198 1911 1921
4 1907 1202 1036 1922
4 1953 1898 1918 1925
4 1911 1224 1225 1943
4 1937 1215 1216 1902
4 1939 1206 1207 1901
4 1918 1211 1212 1919
4 1901 1207 1208 1917
4 1922 1203 1204 1903
4 1909 1199 1200 1905
4 1940 1209 1210 1898
4 1936 1213 1214 1900
4 1898 1210 1211 1918
4 1941 1220 1221 1906
4 1938 1218 1219 1899
4 1903 1204 1205 1920
4 1902 1216 1217 1916
4 1947 1903 1920 1969
4 1927 1901 1917 1968
4 1916 1966 1923 1902
4 1925 1918 1919 1967
4 1924 1952 1982 1991
4 1989 1992 1986 1954
4 1984 1979 1956 1995
4 1955 1941 1906 1974
4 1995 1960 1927 1984
4 1910 1924 1972 1943
4 1967 1936 1949 1975
4 1954 1941 1955 1976
4 1961 1914 1946 1973
4 1949 1936 1900 1970
4 1994 1977 1980 1958
4 1942 1972 1971 1904
4 1978 1996 1985 1951
4 1970 1980 1993 1949
4 1948 1945 1971 1974
4 1972 1942 1921 1943
4 1981 1962 1957 1994
4 1992 1928 1962 1981
4 1938 1986 1966 1916
4 1983 1969 1960 1995
4 1967 1975 1990 1925
4 1929 1990 1975 1964
4 1963 1989 1976 1952
4 1980 1977 1959 1993
4 1970 1937 1958 1980
4 1951 1985 1990 1929
4 1940 1987 1968 1917
4 1218 1938 1916 1217
4 1206 1939 1920 1205
4 1213 1936 1919 1212
4 1215 1937 1900 1214
4 1209 1940 1917 1208
4 1220 1941 1899 1219
4 1201 1944 1905 1200
4 1922 1903 1947 1907
4 1997 1950 1979 1984
4 1939 1960 1969 1920
4 1953 1985 1996 1987
4 1961 1973 1965 1988
4 1992 1981 1966 1986
4 1991 1971 1972 1924
4 1222 1948 1906 1221
4 1988 1965 1947 1969
4 1961 1988 1983 1926
4 1985 1953 1925 1990
4 1973 1905 1944 1965
4 1909 1905 1973 1946
4 1976 1955 1982 1952
3 493 621 363
3 501 622 359
3 505 660 300
3 695 769 604
3 636 741 695
3 503 563 321
3 282 554 372
3 497 536 290
3 371 489 427
3 310 539 500
3 777 800 795
3 336 500 475
3 1001 1019 1017
3 161 18 162
3 1008 1018 1010
3 1018 1020 1015
3 1014 1020 1004
3 1003 1018 1016
3 169 1009 168
3 163 1008 162
3 165 1004 164
3 148 1002 147
3 146 1014 145
3 1010 15 161
3 15 1010 172
3 171 1003 170
3 1003 171 172
3 7 1011 167
3 1011 7 145
3 1021 1026 1023
3 14 1024 160
3 157 1023 156
3 13 156 155
3 1021 1027 1025
3 180 1025 179
3 179 1024 178
3 1490 1618 1360
3 1498 1619 1356
3 1502 1657 1297
3 1692 1766 1601
3 1633 1738 1692
3 1500 1560 1318
3 1279 1551 1369
3 1494 1533 1287
3 1368 1486 1424
3 1307 1536 1497
3 1774 1797 1792
3 1333 1497 1472
3 1998 2016 2014
3 1182 1042 1183
3 2005 2015 2007
3 2015 2017 2012
3 2011 2017 2001
3 2000 2015 2013
3 1190 2006 1189
3 1184 2005 1183
3 1186 2001 1185
3 1169 1999 1168
3 1167 2011 1166
3 2007 1039 1182
3 1039 2007 1193
3 1192 2000 1191
3 2000 1192 1193
3 1031 2008 1188
3 2008 1031 1166
3 2018 2023 2020
3 1038 2021 1181
3 1178 2020 1177
3 1037 1177 1176
3 2018 2024 2022
3 1201 2022 1200
3 1200 2021 1199
4 50 51 371 302
4 372 91 92 282
4 55 56 286 369
4 335 21 22 334
4 415 636 695 536
4 563 639 482 321
4 146 453 351 145
4 20 21 335 381
4 381 224 1 20
4 513 621 749 684
4 539 440 475 500
4 684 749 789 793
4 310 498 652 539
4 675 554 619 747
4 453 529 571 351
4 770 675 747 814
4 660 520 494 300
4 675 749 621 554
4 770 789 749 675
4 593 709 680 660
4 469 167 7 311
4 703 666 571 529
4 554 621 493 372
4 568 622 501 272
4 714 609 760 726
4 351 571 432 311
4 617 639 563 432
4 52 489 371 51
4 88 490 272 87
4 25 485 301 24
4 31 482 354 30
4 93 495 282 92
4 27 494 353 26
4 54 497 290 53
4 47 500 336 46
4 49 498 310 48
4 90 493 363 89
4 23 507 334 22
4 29 505 300 28
4 86 501 359 85
4 33 503 321 32
4 427 604 715 562
4 167 469 333 19
4 562 302 371 427
4 582 599 636 415
4 604 427 536 695
4 680 755 520 660
4 684 793 760 609
4 359 488 84 85
4 310 500 47 48
4 290 489 52 53
4 302 498 49 50
4 300 494 27 28
4 321 482 31 32
4 336 478 45 46
4 353 485 25 26
4 369 497 54 55
4 372 493 90 91
4 363 490 88 89
4 482 639 593 354
4 354 505 29 30
4 390 503 33 34
4 301 507 23 24
4 272 501 86 87
4 615 652 562 715
4 604 769 696 715
4 311 7 145 351
4 359 622 526 488
4 363 621 513 490
4 498 302 562 652
4 282 495 619 554
4 469 563 503 333
4 680 709 764 800
4 526 622 714 685
4 513 684 609 568
4 617 432 571 666
4 582 415 369 286
4 622 568 609 714
4 695 741 759 769
4 35 19 390 34
4 391 19 35 36
4 709 593 639 617
4 666 764 709 617
4 703 737 764 666
4 737 795 800 764
4 432 563 469 311
4 536 427 489 290
4 494 520 657 353
4 755 680 800 777
4 415 536 497 369
4 490 513 568 272
4 593 660 505 354
4 333 503 390 19
4 174 175 1005 1012
4 146 147 1002 1014
4 173 174 1012 1013
4 1013 8 9 173
4 1005 1007 1016 1017
4 1017 1019 1012 1005
4 175 176 1007 1005
4 1018 1015 1017 1016
4 166 19 167 1011
4 165 166 1011 1004
4 1009 1003 1016 1007
4 145 1014 1004 1011
4 1001 1017 1015 1002
4 150 151 1006 1019
4 1010 161 162 1008
4 1020 1018 1008 1004
4 1007 176 177 1009
4 150 1019 1001 149
4 151 8 1013 1006
4 172 1010 1018 1003
4 170 1003 1009 169
4 177 17 168 1009
4 164 1004 1008 163
4 1002 1015 1020 1014
4 1001 1002 148 149
4 1012 1019 1006 1013
4 1024 1027 159 160
4 159 1027 1021 158
4 1023 1026 153 154
4 152 1022 181 12
4 1026 1022 152 153
4 1021 1023 157 158
4 1024 179 1025 1027
4 180 181 1022 1025
4 155 156 1023 154
4 1021 1025 1022 1026
4 178 1024 14 16
4 1074 1075 1368 1299
4 1369 1115 1116 1279
4 1079 1080 1283 1366
4 1332 1045 1046 1331
4 1412 1633 1692 1533
4 1560 1636 1479 1318
4 1167 1450 1348 1166
4 1044 1045 1332 1378
4 1378 1245 1028 1044
4 1510 1618 1746 1681
4 1536 1437 1472 1497
4 1681 1746 1786 1790
4 1307 1495 1649 1536
4 1672 1551 1616 1744
4 1450 1526 1568 1348
4 1767 1672 1744 1811
4 1657 1517 1491 1297
4 1672 1746 1618 1551
4 1767 1786 1746 1672
4 1590 1706 1677 1657
4 1466 1188 1031 1308
4 1700 1663 1568 1526
4 1551 1618 1490 1369
4 1565 1619 1498 1269
4 1711 1606 1757 1723
4 1348 1568 1429 1308
4 1614 1636 1560 1429
4 1076 1486 1368 1075
4 1112 1487 1269 1111
4 1049 1482 1298 1048
4 1055 1479 1351 1054
4 1117 1492 1279 1116
4 1051 1491 1350 1050
4 1078 1494 1287 1077
4 1071 1497 1333 1070
4 1073 1495 1307 1072
4 1114 1490 1360 1113
4 1047 1504 1331 1046
4 1053 1502 1297 1052
4 1110 1498 1356 1109
4 1057 1500 1318 1056
4 1424 1601 1712 1559
4 1188 1466 1330 1043
4 1559 1299 1368 1424
4 1579 1596 1633 1412
4 1601 1424 1533 1692
4 1677 1752 1517 1657
4 1681 1790 1757 1606
4 1356 1485 1108 1109
4 1307 1497 1071 1072
4 1287 1486 1076 1077
4 1299 1495 1073 1074
4 1297 1491 1051 1052
4 1318 1479 1055 1056
4 1333 1475 1069 1070
4 1350 1482 1049 1050
4 1366 1494 1078 1079
4 1369 1490 1114 1115
4 1360 1487 1112 1113
4 1479 1636 1590 1351
4 1351 1502 1053 1054
4 1387 1500 1057 1058
4 1298 1504 1047 1048
4 1269 1498 1110 1111
4 1612 1649 1559 1712
4 1601 1766 1693 1712
4 1308 1031 1166 1348
4 1356 1619 1523 1485
4 1360 1618 1510 1487
4 1495 1299 1559 1649
4 1279 1492 1616 1551
4 1466 1560 1500 1330
4 1677 1706 1761 1797
4 1523 1619 1711 1682
4 1510 1681 1606 1565
4 1614 1429 1568 1663
4 1579 1412 1366 1283
4 1619 1565 1606 1711
4 1692 1738 1756 1766
4 1059 1043 1387 1058
4 1388 1043 1059 1060
4 1706 1590 1636 1614
4 1663 1761 1706 1614
4 1700 1734 1761 1663
4 1734 1792 1797 1761
4 1429 1560 1466 1308
4 1533 1424 1486 1287
4 1491 1517 1654 1350
4 1752 1677 1797 1774
4 1412 1533 1494 1366
4 1487 1510 1565 1269
4 1590 1657 1502 1351
4 1330 1500 1387 1043
4 1195 1196 2002 2009
4 1167 1168 1999 2011
4 1194 1195 2009 2010
4 2010 1032 1033 1194
4 2002 2004 2013 2014
4 2014 2016 2009 2002
4 1196 1197 2004 2002
4 2015 2012 2014 2013
4 1187 1043 1188 2008
4 1186 1187 2008 2001
4 2006 2000 2013 2004
4 1166 2011 2001 2008
4 1998 2014 2012 1999
4 1171 1172 2003 2016
4 2007 1182 1183 2005
4 2017 2015 2005 2001
4 2004 1197 1198 2006
4 1171 2016 1998 1170
4 1172 1032 2010 2003
4 1193 2007 2015 2000
4 1191 2000 2006 1190
4 1198 1041 1189 2006
4 1185 2001 2005 1184
4 1999 2012 2017 2011
4 1998 1999 1169 1170
4 2009 2016 2003 2010
4 2021 2024 1180 1181
4 1180 2024 2018 1179
4 2020 2023 1174 1175
4 1173 2019 1202 1036
4 2023 2019 1173 1174
4 2018 2020 1178 1179
4 2021 1200 2022 2024
4 1201 1202 2019 2022
4 1176 1177 2020 1175
4 2018 2022 2019 2023
4 1199 2021 1038 1040

CELL_TYPES 2833
1
5
5
5
5
5
5
5
5
5
5
5
5
5
5
5
5
5
5
5
5
5
5
5
5
5
5
5
5
5
5
5
5
5
5
5
5
5
5
5
5
5
5
5
5
5
5
5
5
5
5
5
5
5
5
5
5
5
5
5
5
5
5
5
5
5
5
5
5
5
5
5
5
5
5
5
5
5
5
5
5
5
5
5
5
5
5
5
5
5
5
5
5
5
5
5
5
5
5
5
5
5
5
5
5
5
5
5
5
5
5
5
5
5
5
5
5
5
5
5
5
5
5
5
5
5
5
5
5
5
5
5
5
5
5
5
5
5
5
5
5
5
5
5
5
5
5
5
5
5
5
5
5
5
5
5
5
5
5
5
5
5
5
5
5
5
5
5
5
5
5
5
5
5
5
5
5
5
5
5
5
5
5
5
5
5
5
5
5
5
5
5
5
5
5
5
5
5
5
5
5
5
5
5
5
5
5
5
5
5
5
5
5
5
5
5
5
5
5
5
5
5
5
5
5
5
5
5
5
5
5
5
5
5
5
5
5
5
5
5
5
5
5
5
5
5
5
5
5
5
5
5
5
5
5
5
5
5
5
5
5
5
5
5
5
5
5
9
9
9
9
9
9
9
9
9
9
9
9
9
9
9
9
9
9
9
9
9
9
9
9
9
9
9
9
9
9
9
9
9
9
9
9
9
9
9
9
9
9
9
9
9
9
9
9
9
9
9
9
9
9
9
9
9
9
9
9
9
9
9
9
9
9
9
9
9
9
9
9
9
9
9
9
9
9
9
9
9
9
9
9
9
9
9
9
9
9
9
9
9
9
9
9
9
9
9
9
9
9
9
9
9
9
9
9
9
9
9
9
9
9
9
9
9
9
9
9
9
9
9
9
9
9
9
9
9
9
9
9
9
9
9
9
9
9
9
9
9
9
9
9
9
9
9
9
9
9
9
9
9
9
9
9
9
9
9
9
9
9
9
9
9
9
9
9
9
9
9
9
9
9
9
9
9
9
9
9
9
9
9
9
9
9
9
9
9
9
9
9
9
9
9
9
9
9
9
9
9
9
9
9
9
9
9
9
9
9
9
9
9
9
9
9
9
9
9
9
9
9
9
9
9
9
9
9
9
9
9
9
9
9
9
9
9
9
9
9
9
9
9
9
9
9
9
9
9
9
9
9
9
9
9
9
9
9
9
9
9
9
9
9
9
9
9
9
9
9
9
9
9
9
9
9
9
9
9
9
9
9
9
9
9
9
9
9
9
9
9
9
9
9
9
9
9
9
9
9
9
9
9
9
9
9
9
9
9
9
9
9
9
9
9
9
9
9
9
9
9
9
9
9
9
9
9
9
9
9
9
9
9
9
9
9
9
9
9
9
9
9
9
9
9
9
9
9
9
9
9
9
9
9
9
9
9
9
9
9
9
9
9
9
9
9
9
9
9
9
9
9
9
9
9
9
9
9
9
9
9
9
9
9
9
9
9
9
9
9
9
9
9
9
9
9
9
9
9
9
9
9
9
9
9
9
9
9
9
9
9
9
9
9
9
9
9
9
9
9
9
9
9
9
9
9
9
9
9
9
9
9
9
9
9
9
9
9
9
9
9
9
9
9
9
9
9
9
9
9
9
9
9
9
9
9
9
9
9
9
9
9
9
9
9
9
9
9
9
9
9
9
9
9
9
9
9
9
9
9
9
9
9
9
9
9
9
9
9
9
9
9
9
9
9
9
9
9
9
9
9
9
9
9
9
9
9
9
9
9
9
9
9
9
9
9
9
9
9
9
9
9
9
9
9
9
9
9
9
9
9
9
9
9
9
9
9
9
9
9
9
9
9
9
9
9
9
9
9
9
9
9
9
9
9
9
9
9
9
9
9
9
9
9
9
9
9
9
9
9
9
9
9
9
9
9
9
9
9
9
9
9
9
9
9
9
9
9
9
9
9
9
9
9
9
9
9
9
9
9
9
9
9
9
9
9
9
9
9
9
9
9
9
9
9
9
9
9
9
9
9
9
9
9
9
9
9
9
9
9
9
9
9
9
9
9
9
9
9
9
9
9
9
9
9
9
9
9
9
9
9
9
9
9
9
9
9
9
9
9
9
9
9
9
9
9
9
9
9
9
9
9
9
9
9
9
9
9
9
9
9
9
9
9
9
9
9
9
9
9
9
9
9
9
9
9
9
9
9
9
9
9
9
9
9
9
9
9
9
9
9
9
9
9
9
9
9
9
9
9
9
9
9
9
9
9
9
9
9
9
9
9
9
9
9
9
9
9
9
9
9
9
9
9
9
9
9
9
9
9
9
9
9
9
9
9
9
9
9
9
9
9
9
9
9
9
9
9
9
9
9
9
9
9
9
9
9
9
9
9
9
9
9
9
9
9
9
9
9
9
9
9
9
9
9
9
9
9
9
9
9
9
9
9
9
9
9
9
9
9
9
9
9
9
9
9
9
9
9
9
9
9
9
9
9
9
9
9
9
9
9
9
9
9
9
9
9
9
9
9
9
9
9
9
9
9
9
9
9
9
9
9
9
9
9
9
9
9
9
9
9
9
9
9
9
9
9
9
9
9
9
9
9
9
9
9
9
9
9
9
9
9
9
9
9
9
9
9
9
9
9
9
9
9
9
9
9
9
9
9
9
9
9
9
9
9
9
9
9
9
9
9
9
9
9
9
9
9
9
9
9
9
9
9
9
9
9
9
9
9
9
9
9
9
9
9
9
9
9
9
9
9
9
9
9
9
9
9
9
9
9
9
9
9
9
9
9
9
9
9
9
9
9
9
9
9
9
9
9
9
9
9
9
9
9
9
9
9
9
9
9
9
9
9
9
9
9
9
9
9
9
9
9
9
9
9
9
9
9
9
9
9
9
9
9
9
9
9
9
9
9
9
9
9
9
9
9
9
9
9
9
9
9
9
9
9
9
9
9
9
9
9
9
9
9
9
9
9
9
9
9
9
9
9
9
9
9
9
9
9
9
9
9
9
9
9
9
9
9
9
9
9
9
9
9
9
9
9
9
9
9
9
9
9
9
9
9
9
9
9
9
9
9
9
9
9
9
9
9
9
9
9
9
9
9
9
9
9
9
9
9
9
9
9
9
9
9
9
9
9
9
9
9
9
9
9
9
9
9
9
9
9
9
9
9
9
9
9
9
9
9
9
9
9
9
9
9
9
5
5
5
5
5
5
5
5
5
5
5
5
5
5
5
5
5
5
5
5
5
5
5
5
5
5
5
5
5
5
5
5
5
5
5
5
5
5
5
5
5
5
5
5
5
5
5
5
5
5
5
5
5
5
5
5
5
5
9
9
9
9
9
9
9
9
9
9
9
9
9
9
9
9
9
9
9
9
9
9
9
9
9
9
9
9
9
9
9
9
9
9
9
9
9
9
5
5
5
5
5
5
5
5
5
5
5
5
5
5
5
5
5
5
5
5
5
5
5
5
5
5
5
5
5
5
5
5
5
5
5
5
5
5
5
5
5
5
5
5
5
5
5
5
5
5
5
5
5
5
5
5
5
5
5
5
5
5
5
5
5
5
5
5
5
5
5
5
5
5
5
5
5
5
5
5
5
5
5
5
5
5
5
5
5
5
5
5
5
5
5
5
5
5
5
5
5
5
5
5
5
5
5
5
5
5
5
5
5
5
5
5
5
5
5
5
5
5
5
5
5
5
5
5
5
5
5
5
5
5
5
5
5
5
5
5
5
5
5
5
5
5
5
5
5
5
5
5
5
5
5
5
5
5
5
5
5
5
5
5
5
5
5
5
5
5
5
5
5
5
5
5
5
5
5
5
5
5
5
5
5
5
5
5
5
5
5
5
5
5
5
5
5
5
5
5
5
5
5
5
5
5
5
5
5
5
5
5
5
5
5
5
5
5
5
5
5
5
5
5
5
5
5
5
5
5
5
5
5
5
5
5
5
5
5
5
5
5
5
5
5
5
5
5
5
5
5
5
5
5
5
5
5
5
5
5
5
5
5
5
5
5
5
5
5
5
5
5
5
5
5
5
5
5
5
5
5
5
5
5
5
5
5
5
5
5
5
5
5
5
5
5
5
5
5
5
5
5
5
5
5
5
5
5
5
5
5
5
5
5
5
5
5
5
5
5
5
5
5
5
5
5
5
5
5
5
5
5
5
5
5
5
5
5
5
5
5
5
5
5
5
5
5
5
5
5
5
5
5
5
5
5
5
5
9
9
9
9
9
9
9
9
9
9
9
9
9
9
9
9
9
9
9
9
9
9
9
9
9
9
9
9
9
9
9
9
9
9
9
9
9
9
9
9
9
9
9
9
9
9
9
9
9
9
9
9
9
9
9
9
9
9
9
9
9
9
9
9
9
9
9
9
9
9
9
9
9
9
9
9
9
9
9
9
9
9
9
9
9
9
9
9
9
9
9
9
9
9
9
9
9
9
9
9
9
9
9
9
9
9
9
9
9
9
9
9
9
9
9
9
9
9
9
9
9
9
9
9
9
9
9
9
9
9
9
9
9
9
9
9
9
9
9
9
9
9
9
9
9
9
9
9
9
9
9
9
9
9
9
9
9
9
9
9
9
9
9
9
9
9
9
9
9
9
9
9
9
9
9
9
9
9
9
9
9
9
9
9
9
9
9
9
9
9
9
9
9
9
9
9
9
9
9
9
9
9
9
9
9
9
9
9
9
9
9
9
9
9
9
9
9
9
9
9
9
9
9
9
9
9
9
9
9
9
9
9
9
9
9
9
9
9
9
9
9
9
9
9
9
9
9
9
9
9
9
9
9
9
9
9
9
9
9
9
9
9
9
9
9
9
9
9
9
9
9
9
9
9
9
9
9
9
9
9
9
9
9
9
9
9
9
9
9
9
9
9
9
9
9
9
9
9
9
9
9
9
9
9
9
9
9
9
9
9
9
9
9
9
9
9
9
9
9
9
9
9
9
9
9
9
9
9
9
9
9
9
9
9
9
9
9
9
9
9
9
9
9
9
9
9
9
9
9
9
9
9
9
9
9
9
9
9
9
9
5
5
5
5
5
5
5
5
5
5
5
5
5
5
5
9
9
9
9
9
9
9
9
9
9
9
9
9
9
9
9
9
9
9
9
9
9
9
9
9
9
9
9
9
9
9
9
9
9
9
9
9
9
9
9
9
9
9
9
9
9
9
9
9
9
9
9
9
9
9
9
9
9
9
9
9
9
9
9
9
9
9
9
9
9
9
9
9
9
9
9
9
9
9
9
9
9
9
9
9
9
9
9
9
9
9
9
9
9
9
9
9
9
9
9
9
9
9
9
9
9
9
9
9
9
9
9
9
9
9
9
9
9
9
9
9
9
9
9
9
9
5
5
5
5
5
5
5
5
5
5
5
5
5
5
5
9
9
9
9
9
9
9
9
9
9
9
9
9
9
9
9
9
9
9
9
9
9
9
9
9
9
9
9
9
9
9
9
9
9
9
9
9
9
9
9
9
9
9
9
9
9
9
9
9
9
9
9
9
9
9
9
9
9
9
9
9
9
9
9
9
9
9
9
9
9
9
9
9
9
9
9
9
9
9
9
9
9
9
9
9
9
9
9
9
9
9
9
9
9
9
9
9
9
9
9
9
9
9
9
9
9
9
9
9
9
9
9
9
9
9
9
9
9
9
9
9
9
9
9
9
9
5
5
5
5
5
5
5
5
5
5
5
5
5
5
5
5
5
5
5
5
5
5
5
5
5
5
5
5
5
5
5
5
5
5
5
5
5
5
5
5
5
5
5
5
5
5
5
5
5
5
5
5
5
5
5
5
5
5
5
5
5
5
5
5
5
5
5
5
5
5
5
5
9
9
9
9
9
9
9
9
9
9
9
9
9
9
9
9
9
9
9
9
9
9
9
9
9
9
9
9
9
9
9
9
9
9
9
9
9
9
9
9
9
9
9
9
9
9
9
9
9
9
9
9
9
9
9
9
9
9
9
9
9
9
9
9
9
9
9
9
9
9
9
9
9
9
9
9
9
9
9
9
9
9
9
9
9
9
9
9
9
9
9
9
9
9
9
9
9
9
9
9
9
9
9
9
9
9
9
9
9
9
9
9
9
9
9
9
9
9
9
9
9
9
9
9
9
9
9
9
9
9
9
9
9
9
9
9
9
9
9
9
9
9
9
9
9
9
9
9
9
9
9
9
9
9
9
9
9
9
9
9
9
9
9
9
9
9
9
9
9
9
9
9
9
9
9
9
9
9
9
9
9
9
9
9
9
9
9
9
9
9
9
9
9
9
9
9
9
9
9
9
9
9
9
9
9
9
9
9
9
9
9
9
9
9
9
9
9
9
9
9
9
9
9
9
9
9
9
9
9
9
9
9
9
9
9
9
9
9
9
9
9
9
9
9
9
9
9
9
9
9
9
9
9
9
9
9
9
9
9
9

CELL_DATA 2833
SCALARS CellEntityIds int 1
LOOKUP_TABLE default
99
20
20
20
20
20
20
20
20
20
20
20
20
20
20
20
20
20
20
20
20
20
20
20
20
20
20
20
20
20
20
20
20
20
20
20
20
20
20
20
20
20
20
20
20
20
20
20
20
20
20
20
20
20
20
20
20
20
20
20
20
20
20
20
20
20
20
20
20
20
20
20
20
20
20
20
20
20
20
20
20
20
20
20
20
20
20
20
20
20
20
20
20
20
20
20
20
20
20
20
20
20
20
20
20
20
20
20
20
20
20
20
20
20
20
20
20
20
20
20
20
20
20
20
20
20
20
20
20
20
20
20
20
20
20
20
20
20
20
20
20
20
20
20
20
20
20
20
20
20
20
20
20
20
20
20
20
20
20
20
20
20
20
20
20
20
20
20
20
20
20
20
20
20
20
20
20
20
20
20
20
20
20
20
20
20
20
20
20
20
20
20
20
20
20
20
20
20
20
20
20
20
20
20
20
20
20
20
20
20
20
20
20
20
20
20
20
20
20
20
20
20
20
20
20
20
20
20
20
20
20
20
20
20
20
20
20
20
20
20
20
20
20
20
20
20
20
20
20
20
20
20
20
20
20
20
20
20
20
20
20
20
20
20
20
20
20
20
20
20
20
20
20
20
20
20
20
20
20
20
20
20
20
20
20
20
20
20
20
20
20
20
20
20
20
20
20
20
20
20
20
20
20
20
20
20
20
20
20
20
20
20
20
20
20
20
20
20
20
20
20
20
20
20
20
20
20
20
20
20
20
20
20
20
20
20
20
20
20
20
20
20
20
20
20
20
20
20
20
20
20
20
20
20
20
20
20
20
20
20
20
20
20
20
20
20
20
20
20
20
20
20
20
20
20
20
20
20
20
20
20
20
20
20
20
20
20
20
20
20
20
20
20
20
20
20
20
20
20
20
20
20
20
20
20
20
20
20
20
20
20
20
20
20
20
20
20
20
20
20
20
20
20
20
20
20
20
20
20
20
20
20
20
20
20
20
20
20
20
20
20
20
20
20
20
20
20
20
20
20
20
20
20
20
20
20
20
20
20
20
20
20
20
20
20
20
20
20
20
20
20
20
20
20
20
20
20
20
20
20
20
20
20
20
20
20
20
20
20
20
20
20
20
20
20
20
20
20
20
20
20
20
20
20
20
20
20
20
20
20
20
20
20
20
20
20
20
20
20
20
20
20
20
20
20
20
20
20
20
20
20
20
20
20
20
20
20
20
20
20
20
20
20
20
20
20
20
20
20
20
20
20
20
20
20
20
20
20
20
20
20
20
20
20
20
20
20
20
20
20
20
20
20
20
20
20
20
20
20
20
20
20
20
20
20
20
20
20
20
20
20
20
20
20
20
20
20
20
20
20
20
20
20
20
20
20
20
20
20
20
20
20
20
20
20
20
20
20
20
20
20
20
20
20
20
20
20
20
20
20
20
20
20
20
20
20
20
20
20
20
20
20
20
20
20
20
20
20
20
20
20
20
20
20
20
20
20
20
20
20
20
20
20
20
20
20
20
20
20
20
20
20
20
20
20
20
20
20
20
20
20
20
20
20
20
20
20
20
20
20
20
20
20
20
20
20
20
20
20
20
20
20
20
20
20
20
20
20
20
20
20
20
20
20
20
20
20
20
20
20
20
20
20
20
20
20
20
20
20
20
20
20
20
20
20
20
20
20
20
20
20
20
20
20
20
20
20
20
20
20
20
20
20
20
20
20
20
20
20
20
20
20
20
20
20
20
20
20
20
20
20
20
20
20
20
20
20
20
20
20
20
20
20
20
20
20
20
20
20
20
20
20
20
20
20
20
20
20
20
20
20
20
20
20
20
20
20
20
20
20
20
20
20
20
20
20
20
20
20
20
20
20
20
20
20
20
20
20
20
20
20
20
20
20
20
20
20
20
20
20
20
20
20
20
20
20
20
20
20
20
20
20
20
20
20
20
20
20
20
20
20
20
20
20
20
20
20
20
20
20
20
20
20
20
20
20
20
20
20
20
20
20
20
20
20
20
20
20
20
20
20
20
20
20
20
20
20
20
20
20
20
20
20
20
20
20
20
20
20
20
20
20
20
20
20
20
20
20
20
20
20
20
20
20
20
20
20
20
20
20
20
20
20
20
20
20
20
20
20
20
20
20
20
20
20
20
20
20
20
20
20
20
20
20
20
20
20
20
20
20
20
20
20
20
20
20
20
20
20
20
20
20
20
20
20
20
20
20
20
20
20
20
20
20
20
20
20
20
20
20
20
20
20
20
20
20
20
20
20
20
20
20
20
20
20
20
20
20
20
20
20
20
20
20
20
20
20
20
20
20
20
20
20
20
20
20
20
20
20
20
20
20
20
20
20
20
20
20
20
20
20
20
20
20
20
20
20
20
20
20
20
20
20
20
20
20
20
20
20
20
20
20
20
20
20
20
20
20
20
20
20
20
20
20
20
20
20
20
20
20
20
20
20
20
20
20
20
20
20
20
20
20
20
20
20
20
20
20
20
20
20
20
20
20
20
20
20
20
20
20
20
20
20
20
20
20
20
20
20
20
20
20
20
20
20
20
20
20
20
20
20
20
20
20
20
20
20
20
20
20
20
20
20
20
20
20
20
20
20
20
20
20
20
20
20
20
20
20
20
20
20
20
20
20
20
20
20
20
20
20
20
20
20
20
20
20
20
20
20
20
20
20
20
20
20
20
20
20
20
20
20
20
20
20
20
20
20
20
20
20
20
20
20
20
20
20
20
20
20
20
20
20
20
20
20
20
20
20
20
20
20
20
20
20
20
20
20
20
20
20
20
20
20
20
20
20
20
20
20
20
20
20
20
20
20
20
20
20
20
20
20
20
20
20
20
20
20
20
20
20
20
20
20
20
20
20
20
20
20
20
20
20
20
20
20
20
20
20
20
20
20
20
20
20
20
20
20
20
20
20
20
20
20
20
20
20
20
20
20
20
20
20
20
20
20
20
20
20
20
20
20
20
20
20
20
20
20
20
20
20
20
20
20
20
20
20
20
20
20
20
20
20
20
20
20
20
20
20
20
20
20
20
20
20
20
20
20
20
20
20
20
20
20
20
20
20
20
20
20
20
20
20
20
20
20
20
20
20
20
20
20
20
20
20
20
20
20
20
20
20
20
20
20
20
20
20
20
20
20
20
20
20
20
20
20
20
20
20
20
20
20
20
20
20
20
30
30
30
30
30
30
30
30
30
30
30
30
30
30
30
30
30
30
30
30
30
30
30
30
30
30
30
30
30
30
30
30
30
30
30
30
30
30
30
30
30
30
30
30
30
30
30
30
30
30
30
30
30
30
30
30
30
30
30
30
30
30
30
30
30
30
30
30
30
30
30
30
30
30
30
30
30
30
30
30
30
30
30
30
30
30
30
30
30
30
30
30
30
30
30
30
40
40
40
40
40
40
40
40
40
40
40
40
40
40
40
40
40
40
40
40
40
40
40
40
40
40
40
40
40
40
40
40
40
40
40
40
40
40
40
40
40
40
40
40
40
40
40
40
40
40
40
40
40
40
40
40
40
40
40
40
40
40
40
40
40
40
40
40
40
40
40
40
40
40
40
40
40
40
40
40
40
40
40
40
40
40
40
40
40
40
40
40
40
40
40
40
40
40
40
40
40
40
40
40
40
40
40
40
40
40
40
40
40
40
40
40
40
40
40
40
40
40
40
40
40
40
40
40
40
40
40
40
40
40
40
40
40
40
40
40
40
40
40
40
40
40
40
40
40
40
40
40
40
40
40
40
40
40
40
40
40
40
40
40
40
40
40
40
40
40
40
40
40
40
40
40
40
40
40
40
40
40
40
40
40
40
40
40
40
40
40
40
40
40
40
40
40
40
40
40
40
40
40
40
40
40
40
40
40
40
40
40
40
40
40
40
40
40
40
40
40
40
40
40
40
40
40
40
40
40
40
40
40
40
40
40
40
40
40
40
40
40
40
40
40
40
40
40
40
40
40
40
40
40
40
40
40
40
40
40
40
40
40
40
40
40
40
40
40
40
40
40
40
40
40
40
40
40
40
40
40
40
40
40
40
40
40
40
40
40
40
40
40
40
40
40
40
40
40
40
40
40
40
40
40
40
40
40
40
40
40
40
40
40
40
40
40
40
40
40
40
40
40
40
40
40
40
40
40
40
40
40
40
40
40
40
40
40
40
40
40
40
40
40
40
40
40
40
40
40
40
40
40
40
40
40
40
40
40
40
40
40
40
40
40
40
40
40
40
40
40
40
40
40
40
40
40
40
40
40
40
40
40
40
40
40
40
40
40
40
40
40
40
40
40
40
40
40
40
40
40
40
40
40
40
40
40
40
40
40
40
40
40
40
40
40
40
40
40
40
40
40
40
40
40
40
40
40
40
40
40
40
40
40
40
40
40
40
40
40
40
40
40
40
40
40
40
40
40
40
40
40
40
40
40
40
40
40
40
40
40
40
40
40
40
40
40
40
40
40
40
40
40
40
40
40
40
40
40
40
40
40
40
40
40
40
40
40
40
40
40
40
40
40
40
40
40
40
40
40
40
40
40
40
40
40
40
40
40
40
40
40
40
40
40
40
40
40
40
40
40
40
40
40
40
40
40
40
40
40
40
40
40
40
40
40
40
40
40
40
40
40
40
40
40
40
40
40
40
40
40
40
40
40
40
40
40
40
40
40
40
40
40
40
40
40
40
40
40
40
40
40
40
40
40
40
40
40
40
40
40
40
40
40
40
40
40
40
40
40
40
40
40
40
40
40
40
40
40
40
40
40
40
40
40
40
40
40
40
40
40
40
40
40
40
40
40
40
40
40
40
40
40
40
40
40
40
40
40
40
40
40
40
40
40
40
40
40
40
40
40
40
40
40
40
40
40
40
40
40
40
40
40
40
40
40
40
40
40
40
40
40
40
40
40
40
40
40
40
40
40
40
40
40
40
40
40
40
40
40
40
40
40
40
40
40
40
40
40
40
40
40
40
40
40
40
40
40
40
40
40
40
40
40
40
40
40
40
40
40
40
40
40
40
40
40
40
40
50000
50000
50000
50000
50000
50000
50000
50000
50000
50000
50000
50000
50000
50000
50000
50000
50000
50000
50000
50000
50000
50000
50000
50000
50000
50000
50000
50000
50000
50000
50000
50000
50000
50000
50000
50000
50000
50000
50000
50000
50000
50000
50000
50000
50000
50000
50000
50000
50000
50000
50000
50000
50000
50000
50000
50000
50000
50000
50000
50000
50000
50000
50000
50000
50000
50000
50000
50000
50000
50000
50000
50000
50000
50000
50000
50000
50000
50000
50000
50000
50000
50000
50000
50000
50000
50000
50000
50000
50000
50000
50000
50000
50000
50000
50000
50000
50000
50000
50000
50000
50000
50000
50000
50000
50000
50000
50000
50000
50000
50000
50000
50000
50000
50000
50000
50000
50000
50000
50000
50000
50000
50000
50000
50000
50000
50000
50000
50000
50000
50000
50000
50000
50000
50000
50000
50000
50000
50000
50000
50000
50000
50001
50001
50001
50001
50001
50001
50001
50001
50001
50001
50001
50001
50001
50001
50001
50001
50001
50001
50001
50001
50001
50001
50001
50001
50001
50001
50001
50001
50001
50001
50001
50001
50001
50001
50001
50001
50001
50001
50001
50001
50001
50001
50001
50001
50001
50001
50001
50001
50001
50001
50001
50001
50001
50001
50001
50001
50001
50001
50001
50001
50001
50001
50001
50001
50001
50001
50001
50001
50001
50001
50001
50001
50001
50001
50001
50001
50001
50001
50001
50001
50001
50001
50001
50001
50001
50001
50001
50001
50001
50001
50001
50001
50001
50001
50001
50001
50001
50001
50001
50001
50001
50001
50001
50001
50001
50001
50001
50001
50001
50001
50001
50001
50001
50001
50001
50001
50001
50001
50001
50001
50001
50001
50001
50001
50001
50001
50001
50001
50001
50001
50001
50001
50001
50001
50001
50001
50001
50001
50001
50001
50001
600000
600000
600000
600000
600000
600000
600000
600000
600000
600000
600000
600000
600000
600000
600000
600000
600000
600000
600000
600000
600000
600000
600000
600000
600000
600000
600000
600000
600000
600000
600000
600000
600000
600000
600000
600000
600000
600000
600000
600000
600000
600000
600000
600000
600000
600000
600000
600000
600000
600000
600000
600000
600000
600000
600000
600000
600000
600000
600000
600000
600000
600000
600000
600000
600000
600000
600000
600000
600000
600000
600000
600000
600000
600000
600000
600000
600000
600000
600000
600000
600000
600000
600000
600000
600000
600000
600000
600000
600000
600000
600000
600000
600000
600000
600000
600000
600000
600000
600000
600000
600000
600000
600000
600000
600000
600000
600000
600000
600000
600000
600000
600000
600000
600000
600000
600000
600000
600000
600000
600000
600000
600000
600000
600000
600000
600000
600000
600000
600000
600000
600000
600000
600000
600000
600000
600000
600000
600000
600000
600000
600000
600000
600000
600000
600000
600000
600000
600000
600000
600000
600000
600000
600000
600000
600000
600000
600000
600000
600000
600000
600000
600000
600000
600000
600000
600000
600000
600000
600000
600000
600000
600000
600000
600000
600000
600000
600000
600000
600000
600000
600000
600000
600000
600000
600000
600000
600000
600000
600000
600000
600000
600000
600000
600000
600000
600000
600000
600000
600000
600000
600000
600000
600000
600000
600000
600000
600000
600000
600000
600000
600000
600000
600000
600000
600000
600000
600000
600000
600000
600000
600000
600000
600000
600000
600000
600000
600000
600000
600000
600000
600000
600000
600000
600000
600000
600000
600000
600000
600000
600000
600000
600000
600000
600000
600000
600000
600000
600000
600000
600000
600000
600000
600000
600000
600000
600000
600000
600000
600000
600000
600000
600000
600000
600000
600000
600000
600000
600000
600000
600000
600000
600000
600000
600000
600000
600000
600000
600000
600000
600000
600000
600000
600000
600000
600000
600000
600000
600000
600000
600000
600000
600000
600000
600000
600000
600000
600000
600000
600000
600000
600000
600000
600000
600000
600000
600000
600000
600000
600000
600000
600000
600000
600000
600000
600000
600000
600000
600000
600000
600000
600000
600000
600000
600000
600000
600000
600000
600000
600000
600000
600000
600000
